device: NVIDIA GeForce RTX 4070 Laptop GPU | 8.0 GiB | sm_89 | bf16=True
run: 001_baseline  precision: bfloat16  max_iters: 40000
model: 52.9M params (52,901,712)
iter      0 | loss 10.4335 | lr 3.00e-07 | grad_norm 13.489 | tok/s 22,281 | data_time_frac 1.8% | peak_vram 1930MiB
iter     25 | loss 9.1426 | lr 7.79e-06 | grad_norm 3.494 | tok/s 25,552 | data_time_frac 0.7% | peak_vram 2344MiB
iter     50 | loss 8.4174 | lr 1.53e-05 | grad_norm 2.737 | tok/s 23,203 | data_time_frac 0.6% | peak_vram 2344MiB
iter     75 | loss 7.5678 | lr 2.28e-05 | grad_norm 2.353 | tok/s 22,210 | data_time_frac 0.6% | peak_vram 2344MiB
iter    100 | loss 6.8889 | lr 3.03e-05 | grad_norm 2.241 | tok/s 21,742 | data_time_frac 0.5% | peak_vram 2344MiB
iter    125 | loss 6.2766 | lr 3.78e-05 | grad_norm 2.048 | tok/s 21,480 | data_time_frac 0.5% | peak_vram 2344MiB
iter    150 | loss 5.6671 | lr 4.53e-05 | grad_norm 1.677 | tok/s 21,304 | data_time_frac 0.5% | peak_vram 2344MiB
iter    175 | loss 5.0915 | lr 5.27e-05 | grad_norm 1.573 | tok/s 21,260 | data_time_frac 0.5% | peak_vram 2344MiB
iter    200 | loss 4.7485 | lr 6.02e-05 | grad_norm 1.475 | tok/s 21,143 | data_time_frac 0.5% | peak_vram 2344MiB
iter    225 | loss 4.4632 | lr 6.77e-05 | grad_norm 1.351 | tok/s 21,115 | data_time_frac 0.5% | peak_vram 2344MiB
iter    250 | loss 4.2433 | lr 7.52e-05 | grad_norm 1.100 | tok/s 21,218 | data_time_frac 0.5% | peak_vram 2344MiB
iter    275 | loss 4.0982 | lr 8.27e-05 | grad_norm 1.394 | tok/s 21,306 | data_time_frac 0.5% | peak_vram 2344MiB
iter    300 | loss 3.9926 | lr 9.02e-05 | grad_norm 1.868 | tok/s 21,378 | data_time_frac 0.5% | peak_vram 2344MiB
iter    325 | loss 3.8589 | lr 9.77e-05 | grad_norm 1.645 | tok/s 21,433 | data_time_frac 0.5% | peak_vram 2344MiB
iter    350 | loss 3.7125 | lr 1.05e-04 | grad_norm 2.173 | tok/s 21,482 | data_time_frac 0.5% | peak_vram 2344MiB
iter    375 | loss 3.6239 | lr 1.13e-04 | grad_norm 2.149 | tok/s 21,530 | data_time_frac 0.5% | peak_vram 2344MiB
iter    400 | loss 3.5579 | lr 1.20e-04 | grad_norm 1.969 | tok/s 21,573 | data_time_frac 0.5% | peak_vram 2344MiB
iter    425 | loss 3.4353 | lr 1.28e-04 | grad_norm 2.506 | tok/s 21,607 | data_time_frac 0.5% | peak_vram 2344MiB
iter    450 | loss 3.3888 | lr 1.35e-04 | grad_norm 2.646 | tok/s 21,644 | data_time_frac 0.5% | peak_vram 2344MiB
iter    475 | loss 3.3727 | lr 1.43e-04 | grad_norm 2.346 | tok/s 21,668 | data_time_frac 0.5% | peak_vram 2344MiB
iter    500 | loss 3.2071 | lr 1.50e-04 | grad_norm 2.339 | tok/s 21,696 | data_time_frac 0.5% | peak_vram 2344MiB
  eval @ iter 500: train 3.1966  val 3.2456
  new best val_loss 3.2456 — saved checkpoints\001_baseline\best.pt
iter    525 | loss 3.1478 | lr 1.58e-04 | grad_norm 2.520 | tok/s 21,491 | data_time_frac 0.5% | peak_vram 2344MiB
iter    550 | loss 3.0912 | lr 1.65e-04 | grad_norm 2.359 | tok/s 21,520 | data_time_frac 0.5% | peak_vram 2344MiB
iter    575 | loss 3.0846 | lr 1.73e-04 | grad_norm 2.178 | tok/s 21,551 | data_time_frac 0.5% | peak_vram 2344MiB
iter    600 | loss 2.9259 | lr 1.80e-04 | grad_norm 2.606 | tok/s 21,585 | data_time_frac 0.5% | peak_vram 2344MiB
iter    625 | loss 2.9781 | lr 1.88e-04 | grad_norm 2.686 | tok/s 21,616 | data_time_frac 0.5% | peak_vram 2344MiB
iter    650 | loss 2.8958 | lr 1.95e-04 | grad_norm 2.074 | tok/s 21,640 | data_time_frac 0.5% | peak_vram 2344MiB
iter    675 | loss 2.8808 | lr 2.03e-04 | grad_norm 1.868 | tok/s 21,676 | data_time_frac 0.5% | peak_vram 2344MiB
iter    700 | loss 2.8567 | lr 2.10e-04 | grad_norm 1.962 | tok/s 21,707 | data_time_frac 0.5% | peak_vram 2344MiB
iter    725 | loss 2.6792 | lr 2.18e-04 | grad_norm 1.773 | tok/s 21,722 | data_time_frac 0.5% | peak_vram 2344MiB
iter    750 | loss 2.7291 | lr 2.25e-04 | grad_norm 2.066 | tok/s 21,736 | data_time_frac 0.5% | peak_vram 2344MiB
iter    775 | loss 2.7262 | lr 2.33e-04 | grad_norm 1.733 | tok/s 21,750 | data_time_frac 0.5% | peak_vram 2344MiB
iter    800 | loss 2.6470 | lr 2.40e-04 | grad_norm 1.652 | tok/s 21,768 | data_time_frac 0.5% | peak_vram 2344MiB
iter    825 | loss 2.6210 | lr 2.48e-04 | grad_norm 2.013 | tok/s 21,778 | data_time_frac 0.5% | peak_vram 2344MiB
iter    850 | loss 2.5759 | lr 2.55e-04 | grad_norm 1.888 | tok/s 21,793 | data_time_frac 0.5% | peak_vram 2344MiB
iter    875 | loss 2.5149 | lr 2.63e-04 | grad_norm 1.401 | tok/s 21,812 | data_time_frac 0.5% | peak_vram 2344MiB
iter    900 | loss 2.5304 | lr 2.70e-04 | grad_norm 1.349 | tok/s 21,820 | data_time_frac 0.5% | peak_vram 2344MiB
iter    925 | loss 2.3990 | lr 2.78e-04 | grad_norm 1.444 | tok/s 21,835 | data_time_frac 0.5% | peak_vram 2344MiB
iter    950 | loss 2.4879 | lr 2.85e-04 | grad_norm 1.323 | tok/s 21,843 | data_time_frac 0.5% | peak_vram 2344MiB
iter    975 | loss 2.4368 | lr 2.93e-04 | grad_norm 1.443 | tok/s 21,851 | data_time_frac 0.5% | peak_vram 2344MiB
iter   1000 | loss 2.4424 | lr 3.00e-04 | grad_norm 1.237 | tok/s 21,859 | data_time_frac 0.5% | peak_vram 2344MiB
  eval @ iter 1000: train 2.3849  val 2.4017
  new best val_loss 2.4017 — saved checkpoints\001_baseline\best.pt
iter   1025 | loss 2.3741 | lr 3.00e-04 | grad_norm 1.282 | tok/s 21,754 | data_time_frac 0.5% | peak_vram 2344MiB
iter   1050 | loss 2.3501 | lr 3.00e-04 | grad_norm 1.287 | tok/s 21,762 | data_time_frac 0.5% | peak_vram 2344MiB
iter   1075 | loss 2.3093 | lr 3.00e-04 | grad_norm 1.228 | tok/s 21,769 | data_time_frac 0.5% | peak_vram 2344MiB
iter   1100 | loss 2.3170 | lr 3.00e-04 | grad_norm 1.195 | tok/s 21,775 | data_time_frac 0.5% | peak_vram 2344MiB
iter   1125 | loss 2.2666 | lr 3.00e-04 | grad_norm 1.132 | tok/s 21,782 | data_time_frac 0.5% | peak_vram 2344MiB
iter   1150 | loss 2.2604 | lr 3.00e-04 | grad_norm 1.249 | tok/s 21,786 | data_time_frac 0.5% | peak_vram 2344MiB
iter   1175 | loss 2.2386 | lr 3.00e-04 | grad_norm 1.142 | tok/s 21,793 | data_time_frac 0.5% | peak_vram 2344MiB
iter   1200 | loss 2.1679 | lr 3.00e-04 | grad_norm 1.220 | tok/s 21,795 | data_time_frac 0.5% | peak_vram 2344MiB
iter   1225 | loss 2.1660 | lr 3.00e-04 | grad_norm 1.062 | tok/s 21,804 | data_time_frac 0.5% | peak_vram 2344MiB
iter   1250 | loss 2.1715 | lr 3.00e-04 | grad_norm 1.101 | tok/s 21,777 | data_time_frac 0.5% | peak_vram 2344MiB
iter   1275 | loss 2.2149 | lr 3.00e-04 | grad_norm 1.175 | tok/s 21,743 | data_time_frac 0.5% | peak_vram 2344MiB
iter   1300 | loss 2.1649 | lr 3.00e-04 | grad_norm 1.069 | tok/s 21,711 | data_time_frac 0.5% | peak_vram 2344MiB
iter   1325 | loss 2.1472 | lr 3.00e-04 | grad_norm 0.948 | tok/s 21,682 | data_time_frac 0.5% | peak_vram 2344MiB
iter   1350 | loss 2.2151 | lr 3.00e-04 | grad_norm 1.048 | tok/s 21,656 | data_time_frac 0.5% | peak_vram 2344MiB
iter   1375 | loss 2.0923 | lr 3.00e-04 | grad_norm 0.906 | tok/s 21,631 | data_time_frac 0.5% | peak_vram 2344MiB
iter   1400 | loss 2.1363 | lr 3.00e-04 | grad_norm 1.029 | tok/s 21,608 | data_time_frac 0.5% | peak_vram 2344MiB
iter   1425 | loss 2.0403 | lr 3.00e-04 | grad_norm 1.013 | tok/s 21,587 | data_time_frac 0.5% | peak_vram 2344MiB
iter   1450 | loss 2.0703 | lr 3.00e-04 | grad_norm 0.936 | tok/s 21,565 | data_time_frac 0.5% | peak_vram 2344MiB
iter   1475 | loss 2.0327 | lr 3.00e-04 | grad_norm 0.956 | tok/s 21,546 | data_time_frac 0.5% | peak_vram 2344MiB
iter   1500 | loss 2.0539 | lr 3.00e-04 | grad_norm 0.871 | tok/s 21,525 | data_time_frac 0.5% | peak_vram 2344MiB
  eval @ iter 1500: train 2.0406  val 2.0917
  new best val_loss 2.0917 — saved checkpoints\001_baseline\best.pt
iter   1525 | loss 2.1202 | lr 3.00e-04 | grad_norm 1.112 | tok/s 21,432 | data_time_frac 0.5% | peak_vram 2344MiB
iter   1550 | loss 2.0550 | lr 3.00e-04 | grad_norm 1.072 | tok/s 21,414 | data_time_frac 0.5% | peak_vram 2344MiB
iter   1575 | loss 2.0968 | lr 3.00e-04 | grad_norm 0.879 | tok/s 21,397 | data_time_frac 0.5% | peak_vram 2344MiB
iter   1600 | loss 1.9861 | lr 3.00e-04 | grad_norm 0.932 | tok/s 21,380 | data_time_frac 0.5% | peak_vram 2344MiB
iter   1625 | loss 1.9734 | lr 3.00e-04 | grad_norm 0.912 | tok/s 21,365 | data_time_frac 0.5% | peak_vram 2344MiB
iter   1650 | loss 2.0064 | lr 3.00e-04 | grad_norm 0.815 | tok/s 21,350 | data_time_frac 0.5% | peak_vram 2344MiB
iter   1675 | loss 1.9945 | lr 3.00e-04 | grad_norm 0.783 | tok/s 21,335 | data_time_frac 0.5% | peak_vram 2344MiB
iter   1700 | loss 2.0350 | lr 3.00e-04 | grad_norm 0.921 | tok/s 21,321 | data_time_frac 0.5% | peak_vram 2344MiB
iter   1725 | loss 1.9575 | lr 3.00e-04 | grad_norm 0.843 | tok/s 21,300 | data_time_frac 0.5% | peak_vram 2344MiB
iter   1750 | loss 1.9525 | lr 3.00e-04 | grad_norm 0.827 | tok/s 21,284 | data_time_frac 0.5% | peak_vram 2344MiB
iter   1775 | loss 1.9146 | lr 3.00e-04 | grad_norm 0.865 | tok/s 21,265 | data_time_frac 0.5% | peak_vram 2344MiB
iter   1800 | loss 1.9578 | lr 3.00e-04 | grad_norm 0.768 | tok/s 21,252 | data_time_frac 0.5% | peak_vram 2344MiB
iter   1825 | loss 1.8852 | lr 3.00e-04 | grad_norm 0.781 | tok/s 21,232 | data_time_frac 0.5% | peak_vram 2344MiB
iter   1850 | loss 1.8919 | lr 3.00e-04 | grad_norm 0.743 | tok/s 21,208 | data_time_frac 0.5% | peak_vram 2344MiB
iter   1875 | loss 1.8976 | lr 3.00e-04 | grad_norm 0.785 | tok/s 21,190 | data_time_frac 0.5% | peak_vram 2344MiB
iter   1900 | loss 1.9186 | lr 3.00e-04 | grad_norm 0.907 | tok/s 21,181 | data_time_frac 0.5% | peak_vram 2344MiB
iter   1925 | loss 1.9535 | lr 3.00e-04 | grad_norm 0.771 | tok/s 21,169 | data_time_frac 0.5% | peak_vram 2344MiB
iter   1950 | loss 1.9327 | lr 3.00e-04 | grad_norm 0.773 | tok/s 21,157 | data_time_frac 0.5% | peak_vram 2344MiB
iter   1975 | loss 1.8840 | lr 3.00e-04 | grad_norm 0.804 | tok/s 21,142 | data_time_frac 0.5% | peak_vram 2344MiB
iter   2000 | loss 1.9272 | lr 3.00e-04 | grad_norm 0.781 | tok/s 21,154 | data_time_frac 0.5% | peak_vram 2344MiB
  eval @ iter 2000: train 1.8851  val 1.9236
  new best val_loss 1.9236 — saved checkpoints\001_baseline\best.pt
iter   2025 | loss 1.8894 | lr 3.00e-04 | grad_norm 0.752 | tok/s 21,108 | data_time_frac 0.5% | peak_vram 2344MiB
iter   2050 | loss 1.8862 | lr 3.00e-04 | grad_norm 0.737 | tok/s 21,121 | data_time_frac 0.5% | peak_vram 2344MiB
iter   2075 | loss 1.8771 | lr 2.99e-04 | grad_norm 0.806 | tok/s 21,121 | data_time_frac 0.5% | peak_vram 2344MiB
iter   2100 | loss 1.9548 | lr 2.99e-04 | grad_norm 0.779 | tok/s 21,107 | data_time_frac 0.5% | peak_vram 2344MiB
iter   2125 | loss 1.8654 | lr 2.99e-04 | grad_norm 0.729 | tok/s 21,119 | data_time_frac 0.5% | peak_vram 2344MiB
iter   2150 | loss 1.8383 | lr 2.99e-04 | grad_norm 0.757 | tok/s 21,120 | data_time_frac 0.5% | peak_vram 2344MiB
iter   2175 | loss 1.9067 | lr 2.99e-04 | grad_norm 0.799 | tok/s 21,136 | data_time_frac 0.5% | peak_vram 2344MiB
iter   2200 | loss 1.8784 | lr 2.99e-04 | grad_norm 0.758 | tok/s 21,145 | data_time_frac 0.6% | peak_vram 2344MiB
iter   2225 | loss 1.9221 | lr 2.99e-04 | grad_norm 0.771 | tok/s 21,154 | data_time_frac 0.7% | peak_vram 2344MiB
iter   2250 | loss 1.8540 | lr 2.99e-04 | grad_norm 0.749 | tok/s 21,160 | data_time_frac 0.8% | peak_vram 2344MiB
iter   2275 | loss 1.9348 | lr 2.99e-04 | grad_norm 0.717 | tok/s 21,157 | data_time_frac 1.0% | peak_vram 2344MiB
iter   2300 | loss 1.8529 | lr 2.99e-04 | grad_norm 0.791 | tok/s 21,159 | data_time_frac 1.1% | peak_vram 2344MiB
iter   2325 | loss 1.8591 | lr 2.99e-04 | grad_norm 0.690 | tok/s 21,156 | data_time_frac 1.2% | peak_vram 2344MiB
iter   2350 | loss 1.9123 | lr 2.99e-04 | grad_norm 0.720 | tok/s 21,164 | data_time_frac 1.2% | peak_vram 2344MiB
iter   2375 | loss 1.8555 | lr 2.99e-04 | grad_norm 0.676 | tok/s 21,177 | data_time_frac 1.2% | peak_vram 2344MiB
iter   2400 | loss 1.8378 | lr 2.99e-04 | grad_norm 0.718 | tok/s 21,185 | data_time_frac 1.2% | peak_vram 2344MiB
iter   2425 | loss 1.8431 | lr 2.99e-04 | grad_norm 0.744 | tok/s 21,194 | data_time_frac 1.2% | peak_vram 2344MiB
iter   2450 | loss 1.8546 | lr 2.99e-04 | grad_norm 0.685 | tok/s 21,206 | data_time_frac 1.2% | peak_vram 2344MiB
iter   2475 | loss 1.8019 | lr 2.99e-04 | grad_norm 0.636 | tok/s 21,213 | data_time_frac 1.2% | peak_vram 2344MiB
iter   2500 | loss 1.7833 | lr 2.99e-04 | grad_norm 0.676 | tok/s 21,221 | data_time_frac 1.3% | peak_vram 2344MiB
  eval @ iter 2500: train 1.8613  val 1.8546
  new best val_loss 1.8546 — saved checkpoints\001_baseline\best.pt
iter   2525 | loss 1.8571 | lr 2.99e-04 | grad_norm 0.715 | tok/s 21,184 | data_time_frac 1.3% | peak_vram 2344MiB
iter   2550 | loss 1.7949 | lr 2.99e-04 | grad_norm 0.726 | tok/s 21,197 | data_time_frac 1.3% | peak_vram 2344MiB
iter   2575 | loss 1.8437 | lr 2.99e-04 | grad_norm 0.699 | tok/s 21,207 | data_time_frac 1.3% | peak_vram 2344MiB
iter   2600 | loss 1.8149 | lr 2.99e-04 | grad_norm 0.656 | tok/s 21,218 | data_time_frac 1.3% | peak_vram 2344MiB
iter   2625 | loss 1.8282 | lr 2.99e-04 | grad_norm 0.651 | tok/s 21,229 | data_time_frac 1.3% | peak_vram 2344MiB
iter   2650 | loss 1.7684 | lr 2.99e-04 | grad_norm 0.676 | tok/s 21,238 | data_time_frac 1.3% | peak_vram 2344MiB
iter   2675 | loss 1.8466 | lr 2.99e-04 | grad_norm 0.681 | tok/s 21,230 | data_time_frac 1.3% | peak_vram 2344MiB
iter   2700 | loss 1.8327 | lr 2.99e-04 | grad_norm 0.676 | tok/s 21,218 | data_time_frac 1.3% | peak_vram 2344MiB
iter   2725 | loss 1.8574 | lr 2.99e-04 | grad_norm 0.653 | tok/s 21,206 | data_time_frac 1.3% | peak_vram 2344MiB
iter   2750 | loss 1.8094 | lr 2.99e-04 | grad_norm 0.638 | tok/s 21,204 | data_time_frac 1.3% | peak_vram 2344MiB
iter   2775 | loss 1.8414 | lr 2.99e-04 | grad_norm 0.618 | tok/s 21,211 | data_time_frac 1.3% | peak_vram 2344MiB
iter   2800 | loss 1.7326 | lr 2.99e-04 | grad_norm 0.659 | tok/s 21,221 | data_time_frac 1.3% | peak_vram 2344MiB
iter   2825 | loss 1.7598 | lr 2.99e-04 | grad_norm 0.621 | tok/s 21,224 | data_time_frac 1.3% | peak_vram 2344MiB
iter   2850 | loss 1.7409 | lr 2.99e-04 | grad_norm 0.694 | tok/s 21,217 | data_time_frac 1.3% | peak_vram 2344MiB
iter   2875 | loss 1.7684 | lr 2.98e-04 | grad_norm 0.653 | tok/s 21,204 | data_time_frac 1.4% | peak_vram 2344MiB
iter   2900 | loss 1.8085 | lr 2.98e-04 | grad_norm 0.642 | tok/s 21,183 | data_time_frac 1.4% | peak_vram 2344MiB
iter   2925 | loss 1.7850 | lr 2.98e-04 | grad_norm 0.622 | tok/s 21,157 | data_time_frac 1.4% | peak_vram 2344MiB
iter   2950 | loss 1.8360 | lr 2.98e-04 | grad_norm 0.614 | tok/s 21,130 | data_time_frac 1.4% | peak_vram 2344MiB
iter   2975 | loss 1.7758 | lr 2.98e-04 | grad_norm 0.655 | tok/s 21,107 | data_time_frac 1.4% | peak_vram 2344MiB
iter   3000 | loss 1.7065 | lr 2.98e-04 | grad_norm 0.655 | tok/s 21,089 | data_time_frac 1.4% | peak_vram 2344MiB
  eval @ iter 3000: train 1.7969  val 1.8234
  new best val_loss 1.8234 — saved checkpoints\001_baseline\best.pt
iter   3025 | loss 1.7566 | lr 2.98e-04 | grad_norm 0.607 | tok/s 21,055 | data_time_frac 1.4% | peak_vram 2344MiB
iter   3050 | loss 1.8294 | lr 2.98e-04 | grad_norm 0.635 | tok/s 21,062 | data_time_frac 1.4% | peak_vram 2344MiB
iter   3075 | loss 1.7940 | lr 2.98e-04 | grad_norm 0.635 | tok/s 21,071 | data_time_frac 1.4% | peak_vram 2344MiB
iter   3100 | loss 1.7829 | lr 2.98e-04 | grad_norm 0.625 | tok/s 21,078 | data_time_frac 1.4% | peak_vram 2344MiB
iter   3125 | loss 1.7776 | lr 2.98e-04 | grad_norm 0.684 | tok/s 21,089 | data_time_frac 1.4% | peak_vram 2344MiB
iter   3150 | loss 1.6985 | lr 2.98e-04 | grad_norm 0.639 | tok/s 21,094 | data_time_frac 1.4% | peak_vram 2344MiB
iter   3175 | loss 1.6835 | lr 2.98e-04 | grad_norm 0.625 | tok/s 21,100 | data_time_frac 1.4% | peak_vram 2344MiB
iter   3200 | loss 1.7720 | lr 2.98e-04 | grad_norm 0.617 | tok/s 21,108 | data_time_frac 1.4% | peak_vram 2344MiB
iter   3225 | loss 1.7054 | lr 2.98e-04 | grad_norm 0.633 | tok/s 21,114 | data_time_frac 1.4% | peak_vram 2344MiB
iter   3250 | loss 1.8507 | lr 2.98e-04 | grad_norm 0.598 | tok/s 21,123 | data_time_frac 1.4% | peak_vram 2344MiB
iter   3275 | loss 1.7366 | lr 2.98e-04 | grad_norm 0.609 | tok/s 21,122 | data_time_frac 1.4% | peak_vram 2344MiB
iter   3300 | loss 1.8427 | lr 2.98e-04 | grad_norm 0.622 | tok/s 21,134 | data_time_frac 1.4% | peak_vram 2344MiB
iter   3325 | loss 1.7518 | lr 2.98e-04 | grad_norm 0.598 | tok/s 21,133 | data_time_frac 1.5% | peak_vram 2344MiB
iter   3350 | loss 1.7119 | lr 2.98e-04 | grad_norm 0.637 | tok/s 21,124 | data_time_frac 1.5% | peak_vram 2344MiB
iter   3375 | loss 1.7512 | lr 2.98e-04 | grad_norm 0.616 | tok/s 21,115 | data_time_frac 1.5% | peak_vram 2344MiB
iter   3400 | loss 1.7242 | lr 2.97e-04 | grad_norm 0.624 | tok/s 21,109 | data_time_frac 1.5% | peak_vram 2344MiB
iter   3425 | loss 1.6842 | lr 2.97e-04 | grad_norm 0.605 | tok/s 21,094 | data_time_frac 1.5% | peak_vram 2344MiB
iter   3450 | loss 1.7546 | lr 2.97e-04 | grad_norm 0.606 | tok/s 21,085 | data_time_frac 1.5% | peak_vram 2344MiB
iter   3475 | loss 1.7094 | lr 2.97e-04 | grad_norm 0.601 | tok/s 21,071 | data_time_frac 1.5% | peak_vram 2344MiB
iter   3500 | loss 1.7255 | lr 2.97e-04 | grad_norm 0.621 | tok/s 21,051 | data_time_frac 1.5% | peak_vram 2344MiB
  eval @ iter 3500: train 1.7037  val 1.7147
  new best val_loss 1.7147 — saved checkpoints\001_baseline\best.pt
iter   3525 | loss 1.7353 | lr 2.97e-04 | grad_norm 0.599 | tok/s 21,002 | data_time_frac 1.5% | peak_vram 2344MiB
iter   3550 | loss 1.7982 | lr 2.97e-04 | grad_norm 0.629 | tok/s 21,006 | data_time_frac 1.5% | peak_vram 2344MiB
iter   3575 | loss 1.7232 | lr 2.97e-04 | grad_norm 0.580 | tok/s 21,013 | data_time_frac 1.5% | peak_vram 2344MiB
iter   3600 | loss 1.6180 | lr 2.97e-04 | grad_norm 0.610 | tok/s 21,019 | data_time_frac 1.5% | peak_vram 2344MiB
iter   3625 | loss 1.7005 | lr 2.97e-04 | grad_norm 0.579 | tok/s 21,025 | data_time_frac 1.5% | peak_vram 2344MiB
iter   3650 | loss 1.6187 | lr 2.97e-04 | grad_norm 0.600 | tok/s 21,030 | data_time_frac 1.5% | peak_vram 2344MiB
iter   3675 | loss 1.6944 | lr 2.97e-04 | grad_norm 0.623 | tok/s 21,033 | data_time_frac 1.5% | peak_vram 2344MiB
iter   3700 | loss 1.7569 | lr 2.97e-04 | grad_norm 0.612 | tok/s 21,036 | data_time_frac 1.5% | peak_vram 2344MiB
iter   3725 | loss 1.7223 | lr 2.97e-04 | grad_norm 0.582 | tok/s 21,036 | data_time_frac 1.5% | peak_vram 2344MiB
iter   3750 | loss 1.6815 | lr 2.97e-04 | grad_norm 0.641 | tok/s 21,022 | data_time_frac 1.5% | peak_vram 2344MiB
iter   3775 | loss 1.7091 | lr 2.97e-04 | grad_norm 0.571 | tok/s 20,990 | data_time_frac 1.4% | peak_vram 2344MiB
iter   3800 | loss 1.7129 | lr 2.97e-04 | grad_norm 0.582 | tok/s 20,957 | data_time_frac 1.4% | peak_vram 2344MiB
iter   3825 | loss 1.6990 | lr 2.97e-04 | grad_norm 0.605 | tok/s 20,926 | data_time_frac 1.4% | peak_vram 2344MiB
iter   3850 | loss 1.7666 | lr 2.96e-04 | grad_norm 0.562 | tok/s 20,894 | data_time_frac 1.4% | peak_vram 2344MiB
iter   3875 | loss 1.7250 | lr 2.96e-04 | grad_norm 0.567 | tok/s 20,865 | data_time_frac 1.4% | peak_vram 2344MiB
iter   3900 | loss 1.6556 | lr 2.96e-04 | grad_norm 0.605 | tok/s 20,838 | data_time_frac 1.4% | peak_vram 2344MiB
iter   3925 | loss 1.6660 | lr 2.96e-04 | grad_norm 0.585 | tok/s 20,813 | data_time_frac 1.4% | peak_vram 2344MiB
iter   3950 | loss 1.6938 | lr 2.96e-04 | grad_norm 0.592 | tok/s 20,669 | data_time_frac 1.5% | peak_vram 2344MiB
iter   3975 | loss 1.7181 | lr 2.96e-04 | grad_norm 0.603 | tok/s 20,269 | data_time_frac 1.5% | peak_vram 2344MiB
iter   4000 | loss 1.7211 | lr 2.96e-04 | grad_norm 0.583 | tok/s 19,799 | data_time_frac 1.5% | peak_vram 2344MiB
  eval @ iter 4000: train 1.6890  val 1.6820
  new best val_loss 1.6820 — saved checkpoints\001_baseline\best.pt
iter   4025 | loss 1.6928 | lr 2.96e-04 | grad_norm 0.635 | tok/s 19,241 | data_time_frac 1.5% | peak_vram 2344MiB
iter   4050 | loss 1.6750 | lr 2.96e-04 | grad_norm 0.597 | tok/s 18,926 | data_time_frac 1.5% | peak_vram 2344MiB
iter   4075 | loss 1.7070 | lr 2.96e-04 | grad_norm 0.590 | tok/s 18,531 | data_time_frac 1.5% | peak_vram 2344MiB
iter   4100 | loss 1.6730 | lr 2.96e-04 | grad_norm 0.571 | tok/s 18,156 | data_time_frac 1.4% | peak_vram 2344MiB
iter   4125 | loss 1.6819 | lr 2.96e-04 | grad_norm 0.607 | tok/s 17,804 | data_time_frac 1.4% | peak_vram 2344MiB
iter   4150 | loss 1.7016 | lr 2.96e-04 | grad_norm 0.568 | tok/s 17,468 | data_time_frac 1.4% | peak_vram 2344MiB
iter   4175 | loss 1.6766 | lr 2.96e-04 | grad_norm 0.577 | tok/s 17,153 | data_time_frac 1.4% | peak_vram 2344MiB
iter   4200 | loss 1.6036 | lr 2.96e-04 | grad_norm 0.560 | tok/s 16,965 | data_time_frac 1.4% | peak_vram 2344MiB
iter   4225 | loss 1.6966 | lr 2.95e-04 | grad_norm 0.597 | tok/s 16,663 | data_time_frac 1.4% | peak_vram 2344MiB
iter   4250 | loss 1.6854 | lr 2.95e-04 | grad_norm 0.560 | tok/s 16,380 | data_time_frac 1.4% | peak_vram 2344MiB
iter   4275 | loss 1.6094 | lr 2.95e-04 | grad_norm 0.556 | tok/s 16,110 | data_time_frac 1.3% | peak_vram 2344MiB
iter   4300 | loss 1.6321 | lr 2.95e-04 | grad_norm 0.580 | tok/s 15,854 | data_time_frac 1.3% | peak_vram 2344MiB
iter   4325 | loss 1.6852 | lr 2.95e-04 | grad_norm 0.615 | tok/s 15,611 | data_time_frac 1.3% | peak_vram 2344MiB
iter   4350 | loss 1.7121 | lr 2.95e-04 | grad_norm 0.552 | tok/s 15,382 | data_time_frac 1.3% | peak_vram 2344MiB
iter   4375 | loss 1.6378 | lr 2.95e-04 | grad_norm 0.548 | tok/s 15,276 | data_time_frac 1.3% | peak_vram 2344MiB
iter   4400 | loss 1.5593 | lr 2.95e-04 | grad_norm 0.583 | tok/s 15,072 | data_time_frac 1.3% | peak_vram 2344MiB
iter   4425 | loss 1.5891 | lr 2.95e-04 | grad_norm 0.552 | tok/s 14,862 | data_time_frac 1.3% | peak_vram 2344MiB
iter   4450 | loss 1.6637 | lr 2.95e-04 | grad_norm 0.584 | tok/s 14,656 | data_time_frac 1.3% | peak_vram 2344MiB
iter   4475 | loss 1.6545 | lr 2.95e-04 | grad_norm 0.549 | tok/s 14,517 | data_time_frac 1.3% | peak_vram 2344MiB
iter   4500 | loss 1.6541 | lr 2.95e-04 | grad_norm 0.560 | tok/s 14,328 | data_time_frac 1.3% | peak_vram 2344MiB
  eval @ iter 4500: train 1.6879  val 1.7006
iter   4525 | loss 1.6311 | lr 2.95e-04 | grad_norm 0.559 | tok/s 14,109 | data_time_frac 1.3% | peak_vram 2344MiB
iter   4550 | loss 1.6504 | lr 2.95e-04 | grad_norm 0.527 | tok/s 13,931 | data_time_frac 1.3% | peak_vram 2344MiB
iter   4575 | loss 1.5614 | lr 2.94e-04 | grad_norm 0.541 | tok/s 13,763 | data_time_frac 1.2% | peak_vram 2344MiB
iter   4600 | loss 1.5898 | lr 2.94e-04 | grad_norm 0.554 | tok/s 13,594 | data_time_frac 1.2% | peak_vram 2344MiB
iter   4625 | loss 1.6926 | lr 2.94e-04 | grad_norm 0.560 | tok/s 13,484 | data_time_frac 1.2% | peak_vram 2344MiB
iter   4650 | loss 1.6749 | lr 2.94e-04 | grad_norm 0.530 | tok/s 13,374 | data_time_frac 1.2% | peak_vram 2344MiB
iter   4675 | loss 1.6478 | lr 2.94e-04 | grad_norm 0.531 | tok/s 13,240 | data_time_frac 1.3% | peak_vram 2344MiB
iter   4700 | loss 1.6472 | lr 2.94e-04 | grad_norm 0.558 | tok/s 12,866 | data_time_frac 1.2% | peak_vram 2344MiB
iter   4725 | loss 1.6967 | lr 2.94e-04 | grad_norm 0.583 | tok/s 12,756 | data_time_frac 1.2% | peak_vram 2344MiB
iter   4750 | loss 1.6761 | lr 2.94e-04 | grad_norm 0.551 | tok/s 12,626 | data_time_frac 1.2% | peak_vram 2344MiB
iter   4775 | loss 1.6859 | lr 2.94e-04 | grad_norm 0.551 | tok/s 12,495 | data_time_frac 1.2% | peak_vram 2344MiB
iter   4800 | loss 1.6001 | lr 2.94e-04 | grad_norm 0.552 | tok/s 12,372 | data_time_frac 1.2% | peak_vram 2344MiB
iter   4825 | loss 1.6033 | lr 2.94e-04 | grad_norm 0.537 | tok/s 12,293 | data_time_frac 1.2% | peak_vram 2344MiB
iter   4850 | loss 1.6756 | lr 2.94e-04 | grad_norm 0.566 | tok/s 12,176 | data_time_frac 1.2% | peak_vram 2344MiB
iter   4875 | loss 1.6077 | lr 2.93e-04 | grad_norm 0.551 | tok/s 12,057 | data_time_frac 1.2% | peak_vram 2344MiB
iter   4900 | loss 1.6774 | lr 2.93e-04 | grad_norm 0.559 | tok/s 11,949 | data_time_frac 1.2% | peak_vram 2344MiB
iter   4925 | loss 1.6639 | lr 2.93e-04 | grad_norm 0.541 | tok/s 11,949 | data_time_frac 1.2% | peak_vram 2344MiB
iter   4950 | loss 1.6980 | lr 2.93e-04 | grad_norm 0.574 | tok/s 11,979 | data_time_frac 1.2% | peak_vram 2344MiB
iter   4975 | loss 1.6211 | lr 2.93e-04 | grad_norm 0.532 | tok/s 11,999 | data_time_frac 1.3% | peak_vram 2344MiB
iter   5000 | loss 1.6541 | lr 2.93e-04 | grad_norm 0.547 | tok/s 12,015 | data_time_frac 1.4% | peak_vram 2344MiB
  eval @ iter 5000: train 1.6106  val 1.6657
  new best val_loss 1.6657 — saved checkpoints\001_baseline\best.pt
iter   5025 | loss 1.6485 | lr 2.93e-04 | grad_norm 0.544 | tok/s 12,033 | data_time_frac 1.5% | peak_vram 2344MiB
iter   5050 | loss 1.6399 | lr 2.93e-04 | grad_norm 0.538 | tok/s 12,058 | data_time_frac 1.6% | peak_vram 2344MiB
iter   5075 | loss 1.5866 | lr 2.93e-04 | grad_norm 0.531 | tok/s 12,081 | data_time_frac 1.7% | peak_vram 2344MiB
iter   5100 | loss 1.6767 | lr 2.93e-04 | grad_norm 0.523 | tok/s 12,106 | data_time_frac 1.7% | peak_vram 2344MiB
iter   5125 | loss 1.5659 | lr 2.93e-04 | grad_norm 0.549 | tok/s 12,130 | data_time_frac 1.8% | peak_vram 2344MiB
iter   5150 | loss 1.6249 | lr 2.93e-04 | grad_norm 0.574 | tok/s 12,148 | data_time_frac 1.9% | peak_vram 2344MiB
iter   5175 | loss 1.6444 | lr 2.92e-04 | grad_norm 0.523 | tok/s 12,167 | data_time_frac 2.0% | peak_vram 2344MiB
iter   5200 | loss 1.6541 | lr 2.92e-04 | grad_norm 0.535 | tok/s 12,194 | data_time_frac 2.1% | peak_vram 2344MiB
iter   5225 | loss 1.6435 | lr 2.92e-04 | grad_norm 0.544 | tok/s 12,222 | data_time_frac 2.1% | peak_vram 2344MiB
iter   5250 | loss 1.6399 | lr 2.92e-04 | grad_norm 0.517 | tok/s 12,250 | data_time_frac 2.1% | peak_vram 2344MiB
iter   5275 | loss 1.6183 | lr 2.92e-04 | grad_norm 0.548 | tok/s 12,280 | data_time_frac 2.1% | peak_vram 2344MiB
iter   5300 | loss 1.5234 | lr 2.92e-04 | grad_norm 0.529 | tok/s 12,310 | data_time_frac 2.1% | peak_vram 2344MiB
iter   5325 | loss 1.6118 | lr 2.92e-04 | grad_norm 0.525 | tok/s 12,340 | data_time_frac 2.1% | peak_vram 2344MiB
iter   5350 | loss 1.6272 | lr 2.92e-04 | grad_norm 0.567 | tok/s 12,370 | data_time_frac 2.1% | peak_vram 2344MiB
iter   5375 | loss 1.5638 | lr 2.92e-04 | grad_norm 0.513 | tok/s 12,400 | data_time_frac 2.1% | peak_vram 2344MiB
iter   5400 | loss 1.5964 | lr 2.92e-04 | grad_norm 0.525 | tok/s 12,429 | data_time_frac 2.1% | peak_vram 2344MiB
iter   5425 | loss 1.5786 | lr 2.92e-04 | grad_norm 0.560 | tok/s 12,459 | data_time_frac 2.1% | peak_vram 2344MiB
iter   5450 | loss 1.6597 | lr 2.91e-04 | grad_norm 0.540 | tok/s 12,488 | data_time_frac 2.1% | peak_vram 2344MiB
iter   5475 | loss 1.6130 | lr 2.91e-04 | grad_norm 0.539 | tok/s 12,515 | data_time_frac 2.1% | peak_vram 2344MiB
iter   5500 | loss 1.6188 | lr 2.91e-04 | grad_norm 0.539 | tok/s 12,543 | data_time_frac 2.1% | peak_vram 2344MiB
  eval @ iter 5500: train 1.6115  val 1.6340
  new best val_loss 1.6340 — saved checkpoints\001_baseline\best.pt
iter   5525 | loss 1.5862 | lr 2.91e-04 | grad_norm 0.538 | tok/s 12,562 | data_time_frac 2.2% | peak_vram 2344MiB
iter   5550 | loss 1.7202 | lr 2.91e-04 | grad_norm 0.531 | tok/s 12,586 | data_time_frac 2.2% | peak_vram 2344MiB
iter   5575 | loss 1.6510 | lr 2.91e-04 | grad_norm 0.539 | tok/s 12,614 | data_time_frac 2.2% | peak_vram 2344MiB
iter   5600 | loss 1.5753 | lr 2.91e-04 | grad_norm 0.562 | tok/s 12,642 | data_time_frac 2.2% | peak_vram 2344MiB
iter   5625 | loss 1.5745 | lr 2.91e-04 | grad_norm 0.543 | tok/s 12,667 | data_time_frac 2.2% | peak_vram 2344MiB
iter   5650 | loss 1.5905 | lr 2.91e-04 | grad_norm 0.572 | tok/s 12,693 | data_time_frac 2.3% | peak_vram 2344MiB
iter   5675 | loss 1.6329 | lr 2.91e-04 | grad_norm 0.561 | tok/s 12,719 | data_time_frac 2.3% | peak_vram 2344MiB
iter   5700 | loss 1.6355 | lr 2.90e-04 | grad_norm 0.536 | tok/s 12,746 | data_time_frac 2.3% | peak_vram 2344MiB
iter   5725 | loss 1.6491 | lr 2.90e-04 | grad_norm 0.534 | tok/s 12,772 | data_time_frac 2.3% | peak_vram 2344MiB
iter   5750 | loss 1.6359 | lr 2.90e-04 | grad_norm 0.516 | tok/s 12,799 | data_time_frac 2.3% | peak_vram 2344MiB
iter   5775 | loss 1.5372 | lr 2.90e-04 | grad_norm 0.514 | tok/s 12,824 | data_time_frac 2.3% | peak_vram 2344MiB
iter   5800 | loss 1.6151 | lr 2.90e-04 | grad_norm 0.529 | tok/s 12,848 | data_time_frac 2.4% | peak_vram 2344MiB
iter   5825 | loss 1.5904 | lr 2.90e-04 | grad_norm 0.543 | tok/s 12,869 | data_time_frac 2.4% | peak_vram 2344MiB
iter   5850 | loss 1.6112 | lr 2.90e-04 | grad_norm 0.557 | tok/s 12,887 | data_time_frac 2.5% | peak_vram 2344MiB
iter   5875 | loss 1.5925 | lr 2.90e-04 | grad_norm 0.512 | tok/s 12,908 | data_time_frac 2.6% | peak_vram 2344MiB
iter   5900 | loss 1.5834 | lr 2.90e-04 | grad_norm 0.484 | tok/s 12,928 | data_time_frac 2.6% | peak_vram 2344MiB
iter   5925 | loss 1.5698 | lr 2.90e-04 | grad_norm 0.538 | tok/s 12,953 | data_time_frac 2.6% | peak_vram 2344MiB
iter   5950 | loss 1.6710 | lr 2.89e-04 | grad_norm 0.520 | tok/s 12,975 | data_time_frac 2.7% | peak_vram 2344MiB
iter   5975 | loss 1.5559 | lr 2.89e-04 | grad_norm 0.527 | tok/s 12,996 | data_time_frac 2.7% | peak_vram 2344MiB
iter   6000 | loss 1.6101 | lr 2.89e-04 | grad_norm 0.558 | tok/s 13,021 | data_time_frac 2.8% | peak_vram 2344MiB
  eval @ iter 6000: train 1.6127  val 1.6263
  new best val_loss 1.6263 — saved checkpoints\001_baseline\best.pt
iter   6025 | loss 1.5705 | lr 2.89e-04 | grad_norm 0.523 | tok/s 13,038 | data_time_frac 2.8% | peak_vram 2344MiB
iter   6050 | loss 1.5753 | lr 2.89e-04 | grad_norm 0.495 | tok/s 13,060 | data_time_frac 2.8% | peak_vram 2344MiB
iter   6075 | loss 1.5108 | lr 2.89e-04 | grad_norm 0.499 | tok/s 13,079 | data_time_frac 2.9% | peak_vram 2344MiB
iter   6100 | loss 1.6022 | lr 2.89e-04 | grad_norm 0.526 | tok/s 13,098 | data_time_frac 2.9% | peak_vram 2344MiB
iter   6125 | loss 1.6047 | lr 2.89e-04 | grad_norm 0.518 | tok/s 13,116 | data_time_frac 3.0% | peak_vram 2344MiB
iter   6150 | loss 1.6992 | lr 2.89e-04 | grad_norm 0.548 | tok/s 13,133 | data_time_frac 3.1% | peak_vram 2344MiB
iter   6175 | loss 1.6480 | lr 2.88e-04 | grad_norm 0.509 | tok/s 13,150 | data_time_frac 3.2% | peak_vram 2344MiB
iter   6200 | loss 1.5086 | lr 2.88e-04 | grad_norm 0.531 | tok/s 13,168 | data_time_frac 3.2% | peak_vram 2344MiB
iter   6225 | loss 1.5103 | lr 2.88e-04 | grad_norm 0.531 | tok/s 13,186 | data_time_frac 3.3% | peak_vram 2344MiB
iter   6250 | loss 1.5854 | lr 2.88e-04 | grad_norm 0.512 | tok/s 13,204 | data_time_frac 3.4% | peak_vram 2344MiB
iter   6275 | loss 1.5170 | lr 2.88e-04 | grad_norm 0.503 | tok/s 13,222 | data_time_frac 3.4% | peak_vram 2344MiB
iter   6300 | loss 1.6184 | lr 2.88e-04 | grad_norm 0.528 | tok/s 13,240 | data_time_frac 3.5% | peak_vram 2344MiB
iter   6325 | loss 1.5505 | lr 2.88e-04 | grad_norm 0.511 | tok/s 13,261 | data_time_frac 3.5% | peak_vram 2344MiB
iter   6350 | loss 1.6114 | lr 2.88e-04 | grad_norm 0.520 | tok/s 13,284 | data_time_frac 3.5% | peak_vram 2344MiB
iter   6375 | loss 1.6393 | lr 2.88e-04 | grad_norm 0.518 | tok/s 13,305 | data_time_frac 3.6% | peak_vram 2344MiB
iter   6400 | loss 1.5857 | lr 2.87e-04 | grad_norm 0.520 | tok/s 13,326 | data_time_frac 3.6% | peak_vram 2344MiB
iter   6425 | loss 1.5734 | lr 2.87e-04 | grad_norm 0.497 | tok/s 13,346 | data_time_frac 3.7% | peak_vram 2344MiB
iter   6450 | loss 1.5306 | lr 2.87e-04 | grad_norm 0.514 | tok/s 13,366 | data_time_frac 3.7% | peak_vram 2344MiB
iter   6475 | loss 1.5074 | lr 2.87e-04 | grad_norm 0.542 | tok/s 13,386 | data_time_frac 3.7% | peak_vram 2344MiB
iter   6500 | loss 1.6660 | lr 2.87e-04 | grad_norm 0.517 | tok/s 13,406 | data_time_frac 3.8% | peak_vram 2344MiB
  eval @ iter 6500: train 1.5654  val 1.5942
  new best val_loss 1.5942 — saved checkpoints\001_baseline\best.pt
iter   6525 | loss 1.6060 | lr 2.87e-04 | grad_norm 0.516 | tok/s 13,421 | data_time_frac 3.8% | peak_vram 2344MiB
iter   6550 | loss 1.5800 | lr 2.87e-04 | grad_norm 0.513 | tok/s 13,441 | data_time_frac 3.8% | peak_vram 2344MiB
iter   6575 | loss 1.6263 | lr 2.87e-04 | grad_norm 0.511 | tok/s 13,462 | data_time_frac 3.8% | peak_vram 2344MiB
iter   6600 | loss 1.5991 | lr 2.86e-04 | grad_norm 0.533 | tok/s 13,482 | data_time_frac 3.9% | peak_vram 2344MiB
iter   6625 | loss 1.5835 | lr 2.86e-04 | grad_norm 0.531 | tok/s 13,502 | data_time_frac 3.9% | peak_vram 2344MiB
iter   6650 | loss 1.4845 | lr 2.86e-04 | grad_norm 0.525 | tok/s 13,522 | data_time_frac 3.9% | peak_vram 2344MiB
iter   6675 | loss 1.5850 | lr 2.86e-04 | grad_norm 0.508 | tok/s 13,541 | data_time_frac 4.0% | peak_vram 2344MiB
iter   6700 | loss 1.6347 | lr 2.86e-04 | grad_norm 0.527 | tok/s 13,560 | data_time_frac 4.0% | peak_vram 2344MiB
iter   6725 | loss 1.4417 | lr 2.86e-04 | grad_norm 0.532 | tok/s 13,579 | data_time_frac 4.0% | peak_vram 2344MiB
iter   6750 | loss 1.6486 | lr 2.86e-04 | grad_norm 0.518 | tok/s 13,599 | data_time_frac 4.1% | peak_vram 2344MiB
iter   6775 | loss 1.5573 | lr 2.86e-04 | grad_norm 0.513 | tok/s 13,619 | data_time_frac 4.1% | peak_vram 2344MiB
iter   6800 | loss 1.5593 | lr 2.86e-04 | grad_norm 0.518 | tok/s 13,639 | data_time_frac 4.1% | peak_vram 2344MiB
iter   6825 | loss 1.5742 | lr 2.85e-04 | grad_norm 0.506 | tok/s 13,659 | data_time_frac 4.1% | peak_vram 2344MiB
iter   6850 | loss 1.5888 | lr 2.85e-04 | grad_norm 0.510 | tok/s 13,679 | data_time_frac 4.2% | peak_vram 2344MiB
iter   6875 | loss 1.5084 | lr 2.85e-04 | grad_norm 0.522 | tok/s 13,699 | data_time_frac 4.2% | peak_vram 2344MiB
iter   6900 | loss 1.5263 | lr 2.85e-04 | grad_norm 0.509 | tok/s 13,719 | data_time_frac 4.2% | peak_vram 2344MiB
iter   6925 | loss 1.5016 | lr 2.85e-04 | grad_norm 0.531 | tok/s 13,738 | data_time_frac 4.2% | peak_vram 2344MiB
iter   6950 | loss 1.6179 | lr 2.85e-04 | grad_norm 0.552 | tok/s 13,759 | data_time_frac 4.3% | peak_vram 2344MiB
iter   6975 | loss 1.4791 | lr 2.85e-04 | grad_norm 0.484 | tok/s 13,779 | data_time_frac 4.3% | peak_vram 2344MiB
iter   7000 | loss 1.5302 | lr 2.85e-04 | grad_norm 0.496 | tok/s 13,799 | data_time_frac 4.3% | peak_vram 2344MiB
  eval @ iter 7000: train 1.5388  val 1.6201
iter   7025 | loss 1.5713 | lr 2.84e-04 | grad_norm 0.501 | tok/s 13,813 | data_time_frac 4.3% | peak_vram 2344MiB
iter   7050 | loss 1.4933 | lr 2.84e-04 | grad_norm 0.509 | tok/s 13,832 | data_time_frac 4.4% | peak_vram 2344MiB
iter   7075 | loss 1.5703 | lr 2.84e-04 | grad_norm 0.517 | tok/s 13,852 | data_time_frac 4.4% | peak_vram 2344MiB
iter   7100 | loss 1.5669 | lr 2.84e-04 | grad_norm 0.514 | tok/s 13,872 | data_time_frac 4.4% | peak_vram 2344MiB
iter   7125 | loss 1.5736 | lr 2.84e-04 | grad_norm 0.516 | tok/s 13,890 | data_time_frac 4.4% | peak_vram 2344MiB
iter   7150 | loss 1.4755 | lr 2.84e-04 | grad_norm 0.514 | tok/s 13,903 | data_time_frac 4.5% | peak_vram 2344MiB
iter   7175 | loss 1.5612 | lr 2.84e-04 | grad_norm 0.525 | tok/s 13,916 | data_time_frac 4.5% | peak_vram 2344MiB
iter   7200 | loss 1.5901 | lr 2.84e-04 | grad_norm 0.496 | tok/s 13,931 | data_time_frac 4.5% | peak_vram 2344MiB
iter   7225 | loss 1.4591 | lr 2.83e-04 | grad_norm 0.503 | tok/s 13,948 | data_time_frac 4.5% | peak_vram 2344MiB
iter   7250 | loss 1.5815 | lr 2.83e-04 | grad_norm 0.532 | tok/s 13,965 | data_time_frac 4.5% | peak_vram 2344MiB
iter   7275 | loss 1.4548 | lr 2.83e-04 | grad_norm 0.497 | tok/s 13,980 | data_time_frac 4.5% | peak_vram 2344MiB
iter   7300 | loss 1.4584 | lr 2.83e-04 | grad_norm 0.504 | tok/s 13,993 | data_time_frac 4.5% | peak_vram 2344MiB
iter   7325 | loss 1.5166 | lr 2.83e-04 | grad_norm 0.485 | tok/s 14,006 | data_time_frac 4.5% | peak_vram 2344MiB
iter   7350 | loss 1.5749 | lr 2.83e-04 | grad_norm 0.498 | tok/s 14,018 | data_time_frac 4.5% | peak_vram 2344MiB
iter   7375 | loss 1.5883 | lr 2.83e-04 | grad_norm 0.484 | tok/s 14,030 | data_time_frac 4.5% | peak_vram 2344MiB
iter   7400 | loss 1.5403 | lr 2.82e-04 | grad_norm 0.494 | tok/s 14,043 | data_time_frac 4.5% | peak_vram 2344MiB
iter   7425 | loss 1.5187 | lr 2.82e-04 | grad_norm 0.495 | tok/s 14,054 | data_time_frac 4.5% | peak_vram 2344MiB
iter   7450 | loss 1.4693 | lr 2.82e-04 | grad_norm 0.493 | tok/s 14,065 | data_time_frac 4.5% | peak_vram 2344MiB
iter   7475 | loss 1.5633 | lr 2.82e-04 | grad_norm 0.511 | tok/s 14,077 | data_time_frac 4.5% | peak_vram 2344MiB
iter   7500 | loss 1.5432 | lr 2.82e-04 | grad_norm 0.517 | tok/s 14,088 | data_time_frac 4.5% | peak_vram 2344MiB
  eval @ iter 7500: train 1.5692  val 1.5724
  new best val_loss 1.5724 — saved checkpoints\001_baseline\best.pt
iter   7525 | loss 1.5545 | lr 2.82e-04 | grad_norm 0.486 | tok/s 14,089 | data_time_frac 4.5% | peak_vram 2344MiB
iter   7550 | loss 1.5720 | lr 2.82e-04 | grad_norm 0.495 | tok/s 14,100 | data_time_frac 4.6% | peak_vram 2344MiB
iter   7575 | loss 1.5686 | lr 2.82e-04 | grad_norm 0.490 | tok/s 14,110 | data_time_frac 4.6% | peak_vram 2344MiB
iter   7600 | loss 1.5686 | lr 2.81e-04 | grad_norm 0.498 | tok/s 14,121 | data_time_frac 4.6% | peak_vram 2344MiB
iter   7625 | loss 1.5260 | lr 2.81e-04 | grad_norm 0.492 | tok/s 14,131 | data_time_frac 4.6% | peak_vram 2344MiB
iter   7650 | loss 1.5059 | lr 2.81e-04 | grad_norm 0.507 | tok/s 14,141 | data_time_frac 4.7% | peak_vram 2344MiB
iter   7675 | loss 1.6901 | lr 2.81e-04 | grad_norm 0.536 | tok/s 14,151 | data_time_frac 4.7% | peak_vram 2344MiB
iter   7700 | loss 1.5148 | lr 2.81e-04 | grad_norm 0.507 | tok/s 14,162 | data_time_frac 4.7% | peak_vram 2344MiB
iter   7725 | loss 1.5065 | lr 2.81e-04 | grad_norm 0.514 | tok/s 14,175 | data_time_frac 4.7% | peak_vram 2344MiB
iter   7750 | loss 1.5741 | lr 2.81e-04 | grad_norm 0.509 | tok/s 14,185 | data_time_frac 4.7% | peak_vram 2344MiB
iter   7775 | loss 1.5623 | lr 2.80e-04 | grad_norm 0.509 | tok/s 14,195 | data_time_frac 4.7% | peak_vram 2344MiB
iter   7800 | loss 1.5288 | lr 2.80e-04 | grad_norm 0.492 | tok/s 14,200 | data_time_frac 4.8% | peak_vram 2344MiB
iter   7825 | loss 1.5787 | lr 2.80e-04 | grad_norm 0.502 | tok/s 14,203 | data_time_frac 4.9% | peak_vram 2344MiB
iter   7850 | loss 1.5269 | lr 2.80e-04 | grad_norm 0.486 | tok/s 14,211 | data_time_frac 4.9% | peak_vram 2344MiB
iter   7875 | loss 1.6011 | lr 2.80e-04 | grad_norm 0.506 | tok/s 14,215 | data_time_frac 5.0% | peak_vram 2344MiB
iter   7900 | loss 1.5520 | lr 2.80e-04 | grad_norm 0.530 | tok/s 14,220 | data_time_frac 5.1% | peak_vram 2344MiB
iter   7925 | loss 1.6161 | lr 2.80e-04 | grad_norm 0.517 | tok/s 14,224 | data_time_frac 5.1% | peak_vram 2344MiB
iter   7950 | loss 1.5120 | lr 2.79e-04 | grad_norm 0.503 | tok/s 14,230 | data_time_frac 5.2% | peak_vram 2344MiB
iter   7975 | loss 1.6587 | lr 2.79e-04 | grad_norm 0.492 | tok/s 14,234 | data_time_frac 5.2% | peak_vram 2344MiB
iter   8000 | loss 1.5674 | lr 2.79e-04 | grad_norm 0.492 | tok/s 14,237 | data_time_frac 5.3% | peak_vram 2344MiB
  eval @ iter 8000: train 1.5408  val 1.5721
  new best val_loss 1.5721 — saved checkpoints\001_baseline\best.pt
iter   8025 | loss 1.4788 | lr 2.79e-04 | grad_norm 0.510 | tok/s 14,235 | data_time_frac 5.4% | peak_vram 2344MiB
iter   8050 | loss 1.4878 | lr 2.79e-04 | grad_norm 0.497 | tok/s 14,242 | data_time_frac 5.4% | peak_vram 2344MiB
iter   8075 | loss 1.4908 | lr 2.79e-04 | grad_norm 0.511 | tok/s 14,250 | data_time_frac 5.4% | peak_vram 2344MiB
iter   8100 | loss 1.6041 | lr 2.79e-04 | grad_norm 0.516 | tok/s 14,255 | data_time_frac 5.5% | peak_vram 2344MiB
iter   8125 | loss 1.5038 | lr 2.78e-04 | grad_norm 0.496 | tok/s 14,261 | data_time_frac 5.5% | peak_vram 2344MiB
iter   8150 | loss 1.5662 | lr 2.78e-04 | grad_norm 0.476 | tok/s 14,267 | data_time_frac 5.6% | peak_vram 2344MiB
iter   8175 | loss 1.4975 | lr 2.78e-04 | grad_norm 0.524 | tok/s 14,274 | data_time_frac 5.6% | peak_vram 2344MiB
iter   8200 | loss 1.5502 | lr 2.78e-04 | grad_norm 0.499 | tok/s 14,282 | data_time_frac 5.7% | peak_vram 2344MiB
iter   8225 | loss 1.5296 | lr 2.78e-04 | grad_norm 0.514 | tok/s 14,291 | data_time_frac 5.7% | peak_vram 2344MiB
iter   8250 | loss 1.5776 | lr 2.78e-04 | grad_norm 0.496 | tok/s 14,299 | data_time_frac 5.7% | peak_vram 2344MiB
iter   8275 | loss 1.5357 | lr 2.77e-04 | grad_norm 0.506 | tok/s 14,306 | data_time_frac 5.7% | peak_vram 2344MiB
iter   8300 | loss 1.4574 | lr 2.77e-04 | grad_norm 0.488 | tok/s 14,314 | data_time_frac 5.8% | peak_vram 2344MiB
iter   8325 | loss 1.4660 | lr 2.77e-04 | grad_norm 0.483 | tok/s 14,322 | data_time_frac 5.8% | peak_vram 2344MiB
iter   8350 | loss 1.5188 | lr 2.77e-04 | grad_norm 0.521 | tok/s 14,329 | data_time_frac 5.8% | peak_vram 2344MiB
iter   8375 | loss 1.5299 | lr 2.77e-04 | grad_norm 0.499 | tok/s 14,336 | data_time_frac 5.8% | peak_vram 2344MiB
iter   8400 | loss 1.5059 | lr 2.77e-04 | grad_norm 0.481 | tok/s 14,340 | data_time_frac 5.9% | peak_vram 2344MiB
iter   8425 | loss 1.4593 | lr 2.77e-04 | grad_norm 0.496 | tok/s 14,344 | data_time_frac 5.9% | peak_vram 2344MiB
iter   8450 | loss 1.5407 | lr 2.76e-04 | grad_norm 0.510 | tok/s 14,344 | data_time_frac 6.0% | peak_vram 2344MiB
iter   8475 | loss 1.5265 | lr 2.76e-04 | grad_norm 0.483 | tok/s 14,341 | data_time_frac 6.1% | peak_vram 2344MiB
iter   8500 | loss 1.5005 | lr 2.76e-04 | grad_norm 0.491 | tok/s 14,339 | data_time_frac 6.2% | peak_vram 2344MiB
  eval @ iter 8500: train 1.5461  val 1.5696
  new best val_loss 1.5696 — saved checkpoints\001_baseline\best.pt
iter   8525 | loss 1.5274 | lr 2.76e-04 | grad_norm 0.491 | tok/s 14,328 | data_time_frac 6.3% | peak_vram 2344MiB
iter   8550 | loss 1.6026 | lr 2.76e-04 | grad_norm 0.521 | tok/s 14,325 | data_time_frac 6.4% | peak_vram 2344MiB
iter   8575 | loss 1.5441 | lr 2.76e-04 | grad_norm 0.503 | tok/s 14,321 | data_time_frac 6.5% | peak_vram 2344MiB
iter   8600 | loss 1.5141 | lr 2.75e-04 | grad_norm 0.485 | tok/s 14,316 | data_time_frac 6.6% | peak_vram 2344MiB
iter   8625 | loss 1.5364 | lr 2.75e-04 | grad_norm 0.501 | tok/s 14,314 | data_time_frac 6.7% | peak_vram 2344MiB
iter   8650 | loss 1.5031 | lr 2.75e-04 | grad_norm 0.503 | tok/s 14,313 | data_time_frac 6.7% | peak_vram 2344MiB
iter   8675 | loss 1.5159 | lr 2.75e-04 | grad_norm 0.500 | tok/s 14,314 | data_time_frac 6.8% | peak_vram 2344MiB
iter   8700 | loss 1.6064 | lr 2.75e-04 | grad_norm 0.512 | tok/s 14,315 | data_time_frac 6.9% | peak_vram 2344MiB
iter   8725 | loss 1.5192 | lr 2.75e-04 | grad_norm 0.499 | tok/s 14,316 | data_time_frac 6.9% | peak_vram 2344MiB
iter   8750 | loss 1.5777 | lr 2.75e-04 | grad_norm 0.500 | tok/s 14,318 | data_time_frac 7.0% | peak_vram 2344MiB
iter   8775 | loss 1.5031 | lr 2.74e-04 | grad_norm 0.501 | tok/s 14,319 | data_time_frac 7.0% | peak_vram 2344MiB
iter   8800 | loss 1.4706 | lr 2.74e-04 | grad_norm 0.507 | tok/s 14,322 | data_time_frac 7.1% | peak_vram 2344MiB
iter   8825 | loss 1.4909 | lr 2.74e-04 | grad_norm 0.505 | tok/s 14,326 | data_time_frac 7.1% | peak_vram 2344MiB
iter   8850 | loss 1.4483 | lr 2.74e-04 | grad_norm 0.481 | tok/s 14,331 | data_time_frac 7.1% | peak_vram 2344MiB
iter   8875 | loss 1.4225 | lr 2.74e-04 | grad_norm 0.481 | tok/s 14,335 | data_time_frac 7.1% | peak_vram 2344MiB
iter   8900 | loss 1.4893 | lr 2.74e-04 | grad_norm 0.480 | tok/s 14,340 | data_time_frac 7.1% | peak_vram 2344MiB
iter   8925 | loss 1.5907 | lr 2.73e-04 | grad_norm 0.479 | tok/s 14,346 | data_time_frac 7.1% | peak_vram 2344MiB
iter   8950 | loss 1.5160 | lr 2.73e-04 | grad_norm 0.509 | tok/s 14,351 | data_time_frac 7.2% | peak_vram 2344MiB
iter   8975 | loss 1.4715 | lr 2.73e-04 | grad_norm 0.497 | tok/s 14,359 | data_time_frac 7.2% | peak_vram 2344MiB
iter   9000 | loss 1.5857 | lr 2.73e-04 | grad_norm 0.482 | tok/s 14,367 | data_time_frac 7.2% | peak_vram 2344MiB
  eval @ iter 9000: train 1.5168  val 1.5439
  new best val_loss 1.5439 — saved checkpoints\001_baseline\best.pt
iter   9025 | loss 1.5438 | lr 2.73e-04 | grad_norm 0.500 | tok/s 14,369 | data_time_frac 7.2% | peak_vram 2344MiB
iter   9050 | loss 1.4986 | lr 2.73e-04 | grad_norm 0.505 | tok/s 14,377 | data_time_frac 7.2% | peak_vram 2344MiB
iter   9075 | loss 1.5563 | lr 2.72e-04 | grad_norm 0.513 | tok/s 14,387 | data_time_frac 7.2% | peak_vram 2344MiB
iter   9100 | loss 1.4626 | lr 2.72e-04 | grad_norm 0.499 | tok/s 14,397 | data_time_frac 7.2% | peak_vram 2344MiB
iter   9125 | loss 1.5390 | lr 2.72e-04 | grad_norm 0.501 | tok/s 14,407 | data_time_frac 7.2% | peak_vram 2344MiB
iter   9150 | loss 1.5947 | lr 2.72e-04 | grad_norm 0.492 | tok/s 14,417 | data_time_frac 7.2% | peak_vram 2344MiB
iter   9175 | loss 1.5066 | lr 2.72e-04 | grad_norm 0.503 | tok/s 14,426 | data_time_frac 7.2% | peak_vram 2344MiB
iter   9200 | loss 1.5366 | lr 2.72e-04 | grad_norm 0.520 | tok/s 14,434 | data_time_frac 7.2% | peak_vram 2344MiB
iter   9225 | loss 1.4810 | lr 2.71e-04 | grad_norm 0.524 | tok/s 14,443 | data_time_frac 7.2% | peak_vram 2344MiB
iter   9250 | loss 1.4691 | lr 2.71e-04 | grad_norm 0.516 | tok/s 14,452 | data_time_frac 7.1% | peak_vram 2344MiB
iter   9275 | loss 1.5171 | lr 2.71e-04 | grad_norm 0.490 | tok/s 14,461 | data_time_frac 7.1% | peak_vram 2344MiB
iter   9300 | loss 1.4728 | lr 2.71e-04 | grad_norm 0.492 | tok/s 14,468 | data_time_frac 7.1% | peak_vram 2344MiB
iter   9325 | loss 1.5069 | lr 2.71e-04 | grad_norm 0.508 | tok/s 14,477 | data_time_frac 7.1% | peak_vram 2344MiB
iter   9350 | loss 1.5170 | lr 2.71e-04 | grad_norm 0.474 | tok/s 14,484 | data_time_frac 7.1% | peak_vram 2344MiB
iter   9375 | loss 1.5500 | lr 2.70e-04 | grad_norm 0.495 | tok/s 14,492 | data_time_frac 7.1% | peak_vram 2344MiB
iter   9400 | loss 1.5070 | lr 2.70e-04 | grad_norm 0.515 | tok/s 14,502 | data_time_frac 7.1% | peak_vram 2344MiB
iter   9425 | loss 1.4341 | lr 2.70e-04 | grad_norm 0.488 | tok/s 14,514 | data_time_frac 7.1% | peak_vram 2344MiB
iter   9450 | loss 1.5503 | lr 2.70e-04 | grad_norm 0.508 | tok/s 14,527 | data_time_frac 7.1% | peak_vram 2344MiB
iter   9475 | loss 1.4559 | lr 2.70e-04 | grad_norm 0.497 | tok/s 14,526 | data_time_frac 7.0% | peak_vram 2344MiB
iter   9500 | loss 1.5205 | lr 2.70e-04 | grad_norm 0.501 | tok/s 14,470 | data_time_frac 7.0% | peak_vram 2344MiB
  eval @ iter 9500: train 1.4918  val 1.5414
  new best val_loss 1.5414 — saved checkpoints\001_baseline\best.pt
iter   9525 | loss 1.5600 | lr 2.69e-04 | grad_norm 0.490 | tok/s 14,289 | data_time_frac 6.9% | peak_vram 2344MiB
iter   9550 | loss 1.5228 | lr 2.69e-04 | grad_norm 0.508 | tok/s 14,146 | data_time_frac 6.9% | peak_vram 2344MiB
iter   9575 | loss 1.5140 | lr 2.69e-04 | grad_norm 0.493 | tok/s 14,028 | data_time_frac 6.8% | peak_vram 2344MiB
iter   9600 | loss 1.5616 | lr 2.69e-04 | grad_norm 0.497 | tok/s 13,891 | data_time_frac 6.7% | peak_vram 2344MiB
iter   9625 | loss 1.5249 | lr 2.69e-04 | grad_norm 0.511 | tok/s 13,770 | data_time_frac 6.6% | peak_vram 2344MiB
iter   9650 | loss 1.5265 | lr 2.69e-04 | grad_norm 0.507 | tok/s 13,638 | data_time_frac 6.6% | peak_vram 2344MiB
iter   9675 | loss 1.4932 | lr 2.68e-04 | grad_norm 0.485 | tok/s 13,542 | data_time_frac 6.5% | peak_vram 2344MiB
iter   9700 | loss 1.5441 | lr 2.68e-04 | grad_norm 0.503 | tok/s 13,411 | data_time_frac 6.4% | peak_vram 2344MiB
iter   9725 | loss 1.5295 | lr 2.68e-04 | grad_norm 0.519 | tok/s 13,300 | data_time_frac 6.4% | peak_vram 2344MiB
iter   9750 | loss 1.5136 | lr 2.68e-04 | grad_norm 0.490 | tok/s 13,184 | data_time_frac 6.3% | peak_vram 2344MiB
iter   9775 | loss 1.5723 | lr 2.68e-04 | grad_norm 0.498 | tok/s 13,056 | data_time_frac 6.2% | peak_vram 2344MiB
iter   9800 | loss 1.5012 | lr 2.67e-04 | grad_norm 0.504 | tok/s 12,973 | data_time_frac 6.2% | peak_vram 2344MiB
iter   9825 | loss 1.4463 | lr 2.67e-04 | grad_norm 0.492 | tok/s 12,853 | data_time_frac 6.1% | peak_vram 2344MiB
iter   9850 | loss 1.4435 | lr 2.67e-04 | grad_norm 0.508 | tok/s 12,742 | data_time_frac 6.0% | peak_vram 2344MiB
iter   9875 | loss 1.4582 | lr 2.67e-04 | grad_norm 0.493 | tok/s 12,634 | data_time_frac 6.0% | peak_vram 2344MiB
iter   9900 | loss 1.4613 | lr 2.67e-04 | grad_norm 0.494 | tok/s 12,548 | data_time_frac 5.9% | peak_vram 2344MiB
iter   9925 | loss 1.5759 | lr 2.67e-04 | grad_norm 0.501 | tok/s 12,464 | data_time_frac 5.9% | peak_vram 2344MiB
iter   9950 | loss 1.5293 | lr 2.66e-04 | grad_norm 0.489 | tok/s 12,390 | data_time_frac 5.8% | peak_vram 2344MiB
iter   9975 | loss 1.4791 | lr 2.66e-04 | grad_norm 0.500 | tok/s 12,290 | data_time_frac 5.8% | peak_vram 2344MiB
iter  10000 | loss 1.5746 | lr 2.66e-04 | grad_norm 0.495 | tok/s 12,223 | data_time_frac 5.7% | peak_vram 2344MiB
  eval @ iter 10000: train 1.5232  val 1.5331
  new best val_loss 1.5331 — saved checkpoints\001_baseline\best.pt
iter  10025 | loss 1.5302 | lr 2.66e-04 | grad_norm 0.503 | tok/s 12,093 | data_time_frac 5.7% | peak_vram 2344MiB
iter  10050 | loss 1.4855 | lr 2.66e-04 | grad_norm 0.486 | tok/s 11,996 | data_time_frac 5.6% | peak_vram 2344MiB
iter  10075 | loss 1.5239 | lr 2.66e-04 | grad_norm 0.499 | tok/s 11,961 | data_time_frac 5.6% | peak_vram 2344MiB
iter  10100 | loss 1.4995 | lr 2.65e-04 | grad_norm 0.492 | tok/s 11,911 | data_time_frac 5.6% | peak_vram 2344MiB
iter  10125 | loss 1.4990 | lr 2.65e-04 | grad_norm 0.491 | tok/s 11,861 | data_time_frac 5.6% | peak_vram 2344MiB
iter  10150 | loss 1.4842 | lr 2.65e-04 | grad_norm 0.507 | tok/s 11,824 | data_time_frac 5.5% | peak_vram 2344MiB
iter  10175 | loss 1.4927 | lr 2.65e-04 | grad_norm 0.483 | tok/s 11,785 | data_time_frac 5.5% | peak_vram 2344MiB
iter  10200 | loss 1.5187 | lr 2.65e-04 | grad_norm 0.492 | tok/s 11,741 | data_time_frac 5.5% | peak_vram 2344MiB
iter  10225 | loss 1.4935 | lr 2.64e-04 | grad_norm 0.475 | tok/s 11,691 | data_time_frac 5.5% | peak_vram 2344MiB
iter  10250 | loss 1.4785 | lr 2.64e-04 | grad_norm 0.486 | tok/s 11,635 | data_time_frac 5.5% | peak_vram 2344MiB
iter  10275 | loss 1.5082 | lr 2.64e-04 | grad_norm 0.489 | tok/s 11,579 | data_time_frac 5.4% | peak_vram 2344MiB
iter  10300 | loss 1.5196 | lr 2.64e-04 | grad_norm 0.506 | tok/s 11,560 | data_time_frac 5.4% | peak_vram 2344MiB
iter  10325 | loss 1.4250 | lr 2.64e-04 | grad_norm 0.479 | tok/s 11,575 | data_time_frac 5.4% | peak_vram 2344MiB
iter  10350 | loss 1.5101 | lr 2.63e-04 | grad_norm 0.470 | tok/s 11,589 | data_time_frac 5.4% | peak_vram 2344MiB
iter  10375 | loss 1.4766 | lr 2.63e-04 | grad_norm 0.497 | tok/s 11,603 | data_time_frac 5.4% | peak_vram 2344MiB
iter  10400 | loss 1.4624 | lr 2.63e-04 | grad_norm 0.491 | tok/s 11,616 | data_time_frac 5.4% | peak_vram 2344MiB
iter  10425 | loss 1.5648 | lr 2.63e-04 | grad_norm 0.493 | tok/s 11,629 | data_time_frac 5.4% | peak_vram 2344MiB
iter  10450 | loss 1.5725 | lr 2.63e-04 | grad_norm 0.492 | tok/s 11,642 | data_time_frac 5.5% | peak_vram 2344MiB
iter  10475 | loss 1.5540 | lr 2.63e-04 | grad_norm 0.498 | tok/s 11,655 | data_time_frac 5.5% | peak_vram 2344MiB
iter  10500 | loss 1.4316 | lr 2.62e-04 | grad_norm 0.482 | tok/s 11,668 | data_time_frac 5.5% | peak_vram 2344MiB
  eval @ iter 10500: train 1.4911  val 1.5359
iter  10525 | loss 1.4280 | lr 2.62e-04 | grad_norm 0.492 | tok/s 11,679 | data_time_frac 5.5% | peak_vram 2344MiB
iter  10550 | loss 1.5617 | lr 2.62e-04 | grad_norm 0.505 | tok/s 11,693 | data_time_frac 5.5% | peak_vram 2344MiB
iter  10575 | loss 1.5013 | lr 2.62e-04 | grad_norm 0.510 | tok/s 11,703 | data_time_frac 5.6% | peak_vram 2344MiB
iter  10600 | loss 1.5285 | lr 2.62e-04 | grad_norm 0.504 | tok/s 11,714 | data_time_frac 5.6% | peak_vram 2344MiB
iter  10625 | loss 1.4285 | lr 2.61e-04 | grad_norm 0.498 | tok/s 11,727 | data_time_frac 5.6% | peak_vram 2344MiB
iter  10650 | loss 1.4506 | lr 2.61e-04 | grad_norm 0.517 | tok/s 11,742 | data_time_frac 5.6% | peak_vram 2344MiB
iter  10675 | loss 1.4573 | lr 2.61e-04 | grad_norm 0.477 | tok/s 11,758 | data_time_frac 5.6% | peak_vram 2344MiB
iter  10700 | loss 1.5928 | lr 2.61e-04 | grad_norm 0.500 | tok/s 11,773 | data_time_frac 5.6% | peak_vram 2344MiB
iter  10725 | loss 1.4838 | lr 2.61e-04 | grad_norm 0.514 | tok/s 11,788 | data_time_frac 5.6% | peak_vram 2344MiB
iter  10750 | loss 1.4630 | lr 2.60e-04 | grad_norm 0.494 | tok/s 11,803 | data_time_frac 5.6% | peak_vram 2344MiB
iter  10775 | loss 1.4495 | lr 2.60e-04 | grad_norm 0.479 | tok/s 11,818 | data_time_frac 5.6% | peak_vram 2344MiB
iter  10800 | loss 1.5177 | lr 2.60e-04 | grad_norm 0.504 | tok/s 11,832 | data_time_frac 5.6% | peak_vram 2344MiB
iter  10825 | loss 1.4417 | lr 2.60e-04 | grad_norm 0.486 | tok/s 11,847 | data_time_frac 5.6% | peak_vram 2344MiB
iter  10850 | loss 1.4284 | lr 2.60e-04 | grad_norm 0.490 | tok/s 11,862 | data_time_frac 5.6% | peak_vram 2344MiB
iter  10875 | loss 1.4493 | lr 2.59e-04 | grad_norm 0.481 | tok/s 11,877 | data_time_frac 5.6% | peak_vram 2344MiB
iter  10900 | loss 1.3816 | lr 2.59e-04 | grad_norm 0.522 | tok/s 11,892 | data_time_frac 5.6% | peak_vram 2344MiB
iter  10925 | loss 1.4618 | lr 2.59e-04 | grad_norm 0.470 | tok/s 11,907 | data_time_frac 5.6% | peak_vram 2344MiB
iter  10950 | loss 1.4493 | lr 2.59e-04 | grad_norm 0.491 | tok/s 11,922 | data_time_frac 5.6% | peak_vram 2344MiB
iter  10975 | loss 1.4848 | lr 2.59e-04 | grad_norm 0.561 | tok/s 11,937 | data_time_frac 5.6% | peak_vram 2344MiB
iter  11000 | loss 1.5529 | lr 2.59e-04 | grad_norm 0.516 | tok/s 11,951 | data_time_frac 5.6% | peak_vram 2344MiB
  eval @ iter 11000: train 1.4685  val 1.5292
  new best val_loss 1.5292 — saved checkpoints\001_baseline\best.pt
iter  11025 | loss 1.5451 | lr 2.58e-04 | grad_norm 0.504 | tok/s 11,963 | data_time_frac 5.6% | peak_vram 2344MiB
iter  11050 | loss 1.4499 | lr 2.58e-04 | grad_norm 0.500 | tok/s 11,978 | data_time_frac 5.6% | peak_vram 2344MiB
iter  11075 | loss 1.5252 | lr 2.58e-04 | grad_norm 0.507 | tok/s 11,993 | data_time_frac 5.5% | peak_vram 2344MiB
iter  11100 | loss 1.5408 | lr 2.58e-04 | grad_norm 0.506 | tok/s 12,007 | data_time_frac 5.5% | peak_vram 2344MiB
iter  11125 | loss 1.4991 | lr 2.58e-04 | grad_norm 0.488 | tok/s 12,022 | data_time_frac 5.5% | peak_vram 2344MiB
iter  11150 | loss 1.4676 | lr 2.57e-04 | grad_norm 0.484 | tok/s 12,037 | data_time_frac 5.5% | peak_vram 2344MiB
iter  11175 | loss 1.4880 | lr 2.57e-04 | grad_norm 0.517 | tok/s 12,051 | data_time_frac 5.5% | peak_vram 2344MiB
iter  11200 | loss 1.5131 | lr 2.57e-04 | grad_norm 0.489 | tok/s 12,066 | data_time_frac 5.5% | peak_vram 2344MiB
iter  11225 | loss 1.4781 | lr 2.57e-04 | grad_norm 0.488 | tok/s 12,080 | data_time_frac 5.5% | peak_vram 2344MiB
iter  11250 | loss 1.4111 | lr 2.57e-04 | grad_norm 0.489 | tok/s 12,095 | data_time_frac 5.5% | peak_vram 2344MiB
iter  11275 | loss 1.4312 | lr 2.56e-04 | grad_norm 0.497 | tok/s 12,110 | data_time_frac 5.5% | peak_vram 2344MiB
iter  11300 | loss 1.4530 | lr 2.56e-04 | grad_norm 0.503 | tok/s 12,124 | data_time_frac 5.5% | peak_vram 2344MiB
iter  11325 | loss 1.5541 | lr 2.56e-04 | grad_norm 0.519 | tok/s 12,139 | data_time_frac 5.5% | peak_vram 2344MiB
iter  11350 | loss 1.5493 | lr 2.56e-04 | grad_norm 0.506 | tok/s 12,153 | data_time_frac 5.5% | peak_vram 2344MiB
iter  11375 | loss 1.4569 | lr 2.56e-04 | grad_norm 0.490 | tok/s 12,167 | data_time_frac 5.5% | peak_vram 2344MiB
iter  11400 | loss 1.5681 | lr 2.55e-04 | grad_norm 0.494 | tok/s 12,181 | data_time_frac 5.5% | peak_vram 2344MiB
iter  11425 | loss 1.5367 | lr 2.55e-04 | grad_norm 0.498 | tok/s 12,196 | data_time_frac 5.5% | peak_vram 2344MiB
iter  11450 | loss 1.4719 | lr 2.55e-04 | grad_norm 0.502 | tok/s 12,210 | data_time_frac 5.5% | peak_vram 2344MiB
iter  11475 | loss 1.4030 | lr 2.55e-04 | grad_norm 0.491 | tok/s 12,224 | data_time_frac 5.5% | peak_vram 2344MiB
iter  11500 | loss 1.4895 | lr 2.55e-04 | grad_norm 0.505 | tok/s 12,238 | data_time_frac 5.5% | peak_vram 2344MiB
  eval @ iter 11500: train 1.4688  val 1.5181
  new best val_loss 1.5181 — saved checkpoints\001_baseline\best.pt
iter  11525 | loss 1.4954 | lr 2.54e-04 | grad_norm 0.499 | tok/s 12,248 | data_time_frac 5.5% | peak_vram 2344MiB
iter  11550 | loss 1.4438 | lr 2.54e-04 | grad_norm 0.500 | tok/s 12,262 | data_time_frac 5.5% | peak_vram 2344MiB
iter  11575 | loss 1.4649 | lr 2.54e-04 | grad_norm 0.504 | tok/s 12,276 | data_time_frac 5.5% | peak_vram 2344MiB
iter  11600 | loss 1.4759 | lr 2.54e-04 | grad_norm 0.495 | tok/s 12,290 | data_time_frac 5.5% | peak_vram 2344MiB
iter  11625 | loss 1.4996 | lr 2.53e-04 | grad_norm 0.484 | tok/s 12,304 | data_time_frac 5.5% | peak_vram 2344MiB
iter  11650 | loss 1.4963 | lr 2.53e-04 | grad_norm 0.513 | tok/s 12,317 | data_time_frac 5.5% | peak_vram 2344MiB
iter  11675 | loss 1.5217 | lr 2.53e-04 | grad_norm 0.487 | tok/s 12,331 | data_time_frac 5.5% | peak_vram 2344MiB
iter  11700 | loss 1.4951 | lr 2.53e-04 | grad_norm 0.500 | tok/s 12,345 | data_time_frac 5.5% | peak_vram 2344MiB
iter  11725 | loss 1.4347 | lr 2.53e-04 | grad_norm 0.486 | tok/s 12,359 | data_time_frac 5.5% | peak_vram 2344MiB
iter  11750 | loss 1.5195 | lr 2.52e-04 | grad_norm 0.497 | tok/s 12,372 | data_time_frac 5.5% | peak_vram 2344MiB
iter  11775 | loss 1.4738 | lr 2.52e-04 | grad_norm 0.475 | tok/s 12,386 | data_time_frac 5.5% | peak_vram 2344MiB
iter  11800 | loss 1.4116 | lr 2.52e-04 | grad_norm 0.484 | tok/s 12,392 | data_time_frac 5.5% | peak_vram 2344MiB
iter  11825 | loss 1.4662 | lr 2.52e-04 | grad_norm 0.493 | tok/s 12,391 | data_time_frac 5.5% | peak_vram 2344MiB
iter  11850 | loss 1.5103 | lr 2.52e-04 | grad_norm 0.495 | tok/s 12,405 | data_time_frac 5.5% | peak_vram 2344MiB
iter  11875 | loss 1.4431 | lr 2.51e-04 | grad_norm 0.470 | tok/s 12,416 | data_time_frac 5.5% | peak_vram 2344MiB
iter  11900 | loss 1.3736 | lr 2.51e-04 | grad_norm 0.476 | tok/s 12,428 | data_time_frac 5.5% | peak_vram 2344MiB
iter  11925 | loss 1.4924 | lr 2.51e-04 | grad_norm 0.506 | tok/s 12,439 | data_time_frac 5.5% | peak_vram 2344MiB
iter  11950 | loss 1.4521 | lr 2.51e-04 | grad_norm 0.502 | tok/s 12,451 | data_time_frac 5.5% | peak_vram 2344MiB
iter  11975 | loss 1.4024 | lr 2.51e-04 | grad_norm 0.508 | tok/s 12,463 | data_time_frac 5.4% | peak_vram 2344MiB
iter  12000 | loss 1.4998 | lr 2.50e-04 | grad_norm 0.495 | tok/s 12,474 | data_time_frac 5.4% | peak_vram 2344MiB
  eval @ iter 12000: train 1.4645  val 1.5371
iter  12025 | loss 1.4069 | lr 2.50e-04 | grad_norm 0.479 | tok/s 12,481 | data_time_frac 5.4% | peak_vram 2344MiB
iter  12050 | loss 1.4814 | lr 2.50e-04 | grad_norm 0.483 | tok/s 12,492 | data_time_frac 5.4% | peak_vram 2344MiB
iter  12075 | loss 1.4680 | lr 2.50e-04 | grad_norm 0.474 | tok/s 12,502 | data_time_frac 5.4% | peak_vram 2344MiB
iter  12100 | loss 1.4522 | lr 2.50e-04 | grad_norm 0.494 | tok/s 12,513 | data_time_frac 5.4% | peak_vram 2344MiB
iter  12125 | loss 1.4428 | lr 2.49e-04 | grad_norm 0.472 | tok/s 12,523 | data_time_frac 5.4% | peak_vram 2344MiB
iter  12150 | loss 1.4867 | lr 2.49e-04 | grad_norm 0.493 | tok/s 12,533 | data_time_frac 5.4% | peak_vram 2344MiB
iter  12175 | loss 1.4955 | lr 2.49e-04 | grad_norm 0.490 | tok/s 12,544 | data_time_frac 5.4% | peak_vram 2344MiB
iter  12200 | loss 1.5192 | lr 2.49e-04 | grad_norm 0.503 | tok/s 12,554 | data_time_frac 5.4% | peak_vram 2344MiB
iter  12225 | loss 1.4386 | lr 2.48e-04 | grad_norm 0.483 | tok/s 12,564 | data_time_frac 5.4% | peak_vram 2344MiB
iter  12250 | loss 1.5133 | lr 2.48e-04 | grad_norm 0.520 | tok/s 12,574 | data_time_frac 5.4% | peak_vram 2344MiB
iter  12275 | loss 1.4842 | lr 2.48e-04 | grad_norm 0.487 | tok/s 12,584 | data_time_frac 5.4% | peak_vram 2344MiB
iter  12300 | loss 1.5061 | lr 2.48e-04 | grad_norm 0.505 | tok/s 12,594 | data_time_frac 5.4% | peak_vram 2344MiB
iter  12325 | loss 1.4566 | lr 2.48e-04 | grad_norm 0.500 | tok/s 12,604 | data_time_frac 5.4% | peak_vram 2344MiB
iter  12350 | loss 1.4028 | lr 2.47e-04 | grad_norm 0.515 | tok/s 12,614 | data_time_frac 5.4% | peak_vram 2344MiB
iter  12375 | loss 1.4852 | lr 2.47e-04 | grad_norm 0.505 | tok/s 12,624 | data_time_frac 5.4% | peak_vram 2344MiB
iter  12400 | loss 1.4819 | lr 2.47e-04 | grad_norm 0.495 | tok/s 12,634 | data_time_frac 5.4% | peak_vram 2344MiB
iter  12425 | loss 1.4074 | lr 2.47e-04 | grad_norm 0.481 | tok/s 12,644 | data_time_frac 5.4% | peak_vram 2344MiB
iter  12450 | loss 1.4752 | lr 2.47e-04 | grad_norm 0.504 | tok/s 12,654 | data_time_frac 5.4% | peak_vram 2344MiB
iter  12475 | loss 1.4006 | lr 2.46e-04 | grad_norm 0.498 | tok/s 12,664 | data_time_frac 5.4% | peak_vram 2344MiB
iter  12500 | loss 1.4999 | lr 2.46e-04 | grad_norm 0.518 | tok/s 12,673 | data_time_frac 5.4% | peak_vram 2344MiB
  eval @ iter 12500: train 1.4731  val 1.5068
  new best val_loss 1.5068 — saved checkpoints\001_baseline\best.pt
iter  12525 | loss 1.4473 | lr 2.46e-04 | grad_norm 0.492 | tok/s 12,679 | data_time_frac 5.4% | peak_vram 2344MiB
iter  12550 | loss 1.4047 | lr 2.46e-04 | grad_norm 0.510 | tok/s 12,687 | data_time_frac 5.4% | peak_vram 2344MiB
iter  12575 | loss 1.4172 | lr 2.45e-04 | grad_norm 0.484 | tok/s 12,696 | data_time_frac 5.4% | peak_vram 2344MiB
iter  12600 | loss 1.4437 | lr 2.45e-04 | grad_norm 0.491 | tok/s 12,705 | data_time_frac 5.4% | peak_vram 2344MiB
iter  12625 | loss 1.4273 | lr 2.45e-04 | grad_norm 0.507 | tok/s 12,714 | data_time_frac 5.4% | peak_vram 2344MiB
iter  12650 | loss 1.4776 | lr 2.45e-04 | grad_norm 0.493 | tok/s 12,721 | data_time_frac 5.4% | peak_vram 2344MiB
iter  12675 | loss 1.5159 | lr 2.45e-04 | grad_norm 0.490 | tok/s 12,729 | data_time_frac 5.4% | peak_vram 2344MiB
iter  12700 | loss 1.4701 | lr 2.44e-04 | grad_norm 0.479 | tok/s 12,737 | data_time_frac 5.4% | peak_vram 2344MiB
iter  12725 | loss 1.4584 | lr 2.44e-04 | grad_norm 0.494 | tok/s 12,746 | data_time_frac 5.4% | peak_vram 2344MiB
iter  12750 | loss 1.5198 | lr 2.44e-04 | grad_norm 0.514 | tok/s 12,754 | data_time_frac 5.4% | peak_vram 2344MiB
iter  12775 | loss 1.3602 | lr 2.44e-04 | grad_norm 0.468 | tok/s 12,762 | data_time_frac 5.4% | peak_vram 2344MiB
iter  12800 | loss 1.5011 | lr 2.43e-04 | grad_norm 0.510 | tok/s 12,769 | data_time_frac 5.4% | peak_vram 2344MiB
iter  12825 | loss 1.5005 | lr 2.43e-04 | grad_norm 0.495 | tok/s 12,777 | data_time_frac 5.4% | peak_vram 2344MiB
iter  12850 | loss 1.4776 | lr 2.43e-04 | grad_norm 0.493 | tok/s 12,784 | data_time_frac 5.4% | peak_vram 2344MiB
iter  12875 | loss 1.4025 | lr 2.43e-04 | grad_norm 0.496 | tok/s 12,789 | data_time_frac 5.4% | peak_vram 2344MiB
iter  12900 | loss 1.5650 | lr 2.43e-04 | grad_norm 0.482 | tok/s 12,794 | data_time_frac 5.4% | peak_vram 2344MiB
iter  12925 | loss 1.4305 | lr 2.42e-04 | grad_norm 0.471 | tok/s 12,801 | data_time_frac 5.4% | peak_vram 2344MiB
iter  12950 | loss 1.4110 | lr 2.42e-04 | grad_norm 0.496 | tok/s 12,809 | data_time_frac 5.4% | peak_vram 2344MiB
iter  12975 | loss 1.4729 | lr 2.42e-04 | grad_norm 0.496 | tok/s 12,817 | data_time_frac 5.4% | peak_vram 2344MiB
iter  13000 | loss 1.4615 | lr 2.42e-04 | grad_norm 0.508 | tok/s 12,825 | data_time_frac 5.4% | peak_vram 2344MiB
  eval @ iter 13000: train 1.4466  val 1.4969
  new best val_loss 1.4969 — saved checkpoints\001_baseline\best.pt
iter  13025 | loss 1.4557 | lr 2.41e-04 | grad_norm 0.477 | tok/s 12,827 | data_time_frac 5.4% | peak_vram 2344MiB
iter  13050 | loss 1.4717 | lr 2.41e-04 | grad_norm 0.482 | tok/s 12,834 | data_time_frac 5.4% | peak_vram 2344MiB
iter  13075 | loss 1.4217 | lr 2.41e-04 | grad_norm 0.488 | tok/s 12,839 | data_time_frac 5.4% | peak_vram 2344MiB
iter  13100 | loss 1.4375 | lr 2.41e-04 | grad_norm 0.465 | tok/s 12,844 | data_time_frac 5.3% | peak_vram 2344MiB
iter  13125 | loss 1.4775 | lr 2.41e-04 | grad_norm 0.513 | tok/s 12,850 | data_time_frac 5.3% | peak_vram 2344MiB
iter  13150 | loss 1.3987 | lr 2.40e-04 | grad_norm 0.504 | tok/s 12,857 | data_time_frac 5.3% | peak_vram 2344MiB
iter  13175 | loss 1.4228 | lr 2.40e-04 | grad_norm 0.504 | tok/s 12,861 | data_time_frac 5.3% | peak_vram 2344MiB
iter  13200 | loss 1.4547 | lr 2.40e-04 | grad_norm 0.510 | tok/s 12,867 | data_time_frac 5.3% | peak_vram 2344MiB
iter  13225 | loss 1.4435 | lr 2.40e-04 | grad_norm 0.482 | tok/s 12,872 | data_time_frac 5.3% | peak_vram 2344MiB
iter  13250 | loss 1.4449 | lr 2.39e-04 | grad_norm 0.486 | tok/s 12,879 | data_time_frac 5.3% | peak_vram 2344MiB
iter  13275 | loss 1.4986 | lr 2.39e-04 | grad_norm 0.501 | tok/s 12,885 | data_time_frac 5.3% | peak_vram 2344MiB
iter  13300 | loss 1.4555 | lr 2.39e-04 | grad_norm 0.509 | tok/s 12,890 | data_time_frac 5.3% | peak_vram 2344MiB
iter  13325 | loss 1.5125 | lr 2.39e-04 | grad_norm 0.471 | tok/s 12,896 | data_time_frac 5.3% | peak_vram 2344MiB
iter  13350 | loss 1.4435 | lr 2.39e-04 | grad_norm 0.506 | tok/s 12,902 | data_time_frac 5.3% | peak_vram 2344MiB
iter  13375 | loss 1.4273 | lr 2.38e-04 | grad_norm 0.504 | tok/s 12,909 | data_time_frac 5.3% | peak_vram 2344MiB
iter  13400 | loss 1.3779 | lr 2.38e-04 | grad_norm 0.482 | tok/s 12,915 | data_time_frac 5.3% | peak_vram 2344MiB
iter  13425 | loss 1.4640 | lr 2.38e-04 | grad_norm 0.477 | tok/s 12,922 | data_time_frac 5.3% | peak_vram 2344MiB
iter  13450 | loss 1.5090 | lr 2.38e-04 | grad_norm 0.507 | tok/s 12,928 | data_time_frac 5.3% | peak_vram 2344MiB
iter  13475 | loss 1.4138 | lr 2.37e-04 | grad_norm 0.505 | tok/s 12,934 | data_time_frac 5.3% | peak_vram 2344MiB
iter  13500 | loss 1.4768 | lr 2.37e-04 | grad_norm 0.503 | tok/s 12,940 | data_time_frac 5.3% | peak_vram 2344MiB
  eval @ iter 13500: train 1.4498  val 1.4634
  new best val_loss 1.4634 — saved checkpoints\001_baseline\best.pt
iter  13525 | loss 1.4837 | lr 2.37e-04 | grad_norm 0.498 | tok/s 12,941 | data_time_frac 5.3% | peak_vram 2344MiB
iter  13550 | loss 1.4993 | lr 2.37e-04 | grad_norm 0.499 | tok/s 12,947 | data_time_frac 5.3% | peak_vram 2344MiB
iter  13575 | loss 1.4612 | lr 2.36e-04 | grad_norm 0.502 | tok/s 12,952 | data_time_frac 5.3% | peak_vram 2344MiB
iter  13600 | loss 1.4672 | lr 2.36e-04 | grad_norm 0.495 | tok/s 12,958 | data_time_frac 5.3% | peak_vram 2344MiB
iter  13625 | loss 1.5621 | lr 2.36e-04 | grad_norm 0.509 | tok/s 12,965 | data_time_frac 5.3% | peak_vram 2344MiB
iter  13650 | loss 1.4447 | lr 2.36e-04 | grad_norm 0.504 | tok/s 12,971 | data_time_frac 5.3% | peak_vram 2344MiB
iter  13675 | loss 1.4842 | lr 2.36e-04 | grad_norm 0.499 | tok/s 12,975 | data_time_frac 5.2% | peak_vram 2344MiB
iter  13700 | loss 1.5273 | lr 2.35e-04 | grad_norm 0.497 | tok/s 12,985 | data_time_frac 5.2% | peak_vram 2344MiB
iter  13725 | loss 1.4363 | lr 2.35e-04 | grad_norm 0.513 | tok/s 12,994 | data_time_frac 5.2% | peak_vram 2344MiB
iter  13750 | loss 1.4625 | lr 2.35e-04 | grad_norm 0.490 | tok/s 13,004 | data_time_frac 5.2% | peak_vram 2344MiB
iter  13775 | loss 1.4129 | lr 2.35e-04 | grad_norm 0.491 | tok/s 13,013 | data_time_frac 5.2% | peak_vram 2344MiB
iter  13800 | loss 1.4199 | lr 2.34e-04 | grad_norm 0.493 | tok/s 13,021 | data_time_frac 5.2% | peak_vram 2344MiB
iter  13825 | loss 1.4243 | lr 2.34e-04 | grad_norm 0.518 | tok/s 13,029 | data_time_frac 5.2% | peak_vram 2344MiB
iter  13850 | loss 1.4766 | lr 2.34e-04 | grad_norm 0.502 | tok/s 13,037 | data_time_frac 5.2% | peak_vram 2344MiB
iter  13875 | loss 1.4576 | lr 2.34e-04 | grad_norm 0.493 | tok/s 13,045 | data_time_frac 5.2% | peak_vram 2344MiB
iter  13900 | loss 1.4933 | lr 2.33e-04 | grad_norm 0.528 | tok/s 13,054 | data_time_frac 5.2% | peak_vram 2344MiB
iter  13925 | loss 1.3851 | lr 2.33e-04 | grad_norm 0.485 | tok/s 13,063 | data_time_frac 5.2% | peak_vram 2344MiB
iter  13950 | loss 1.4416 | lr 2.33e-04 | grad_norm 0.502 | tok/s 13,071 | data_time_frac 5.2% | peak_vram 2344MiB
iter  13975 | loss 1.4431 | lr 2.33e-04 | grad_norm 0.484 | tok/s 13,080 | data_time_frac 5.2% | peak_vram 2344MiB
iter  14000 | loss 1.3979 | lr 2.32e-04 | grad_norm 0.500 | tok/s 13,088 | data_time_frac 5.2% | peak_vram 2344MiB
  eval @ iter 14000: train 1.4490  val 1.4713
iter  14025 | loss 1.4592 | lr 2.32e-04 | grad_norm 0.504 | tok/s 13,093 | data_time_frac 5.2% | peak_vram 2344MiB
iter  14050 | loss 1.3925 | lr 2.32e-04 | grad_norm 0.498 | tok/s 13,102 | data_time_frac 5.2% | peak_vram 2344MiB
iter  14075 | loss 1.4510 | lr 2.32e-04 | grad_norm 0.501 | tok/s 13,110 | data_time_frac 5.2% | peak_vram 2344MiB
iter  14100 | loss 1.4235 | lr 2.32e-04 | grad_norm 0.495 | tok/s 13,119 | data_time_frac 5.2% | peak_vram 2344MiB
iter  14125 | loss 1.5539 | lr 2.31e-04 | grad_norm 0.493 | tok/s 13,128 | data_time_frac 5.2% | peak_vram 2344MiB
iter  14150 | loss 1.4997 | lr 2.31e-04 | grad_norm 0.488 | tok/s 13,136 | data_time_frac 5.2% | peak_vram 2344MiB
iter  14175 | loss 1.4329 | lr 2.31e-04 | grad_norm 0.490 | tok/s 13,145 | data_time_frac 5.2% | peak_vram 2344MiB
iter  14200 | loss 1.3956 | lr 2.31e-04 | grad_norm 0.509 | tok/s 13,153 | data_time_frac 5.2% | peak_vram 2344MiB
iter  14225 | loss 1.5154 | lr 2.30e-04 | grad_norm 0.480 | tok/s 13,161 | data_time_frac 5.2% | peak_vram 2344MiB
iter  14250 | loss 1.3835 | lr 2.30e-04 | grad_norm 0.487 | tok/s 13,168 | data_time_frac 5.2% | peak_vram 2344MiB
iter  14275 | loss 1.4709 | lr 2.30e-04 | grad_norm 0.525 | tok/s 13,174 | data_time_frac 5.2% | peak_vram 2344MiB
iter  14300 | loss 1.5055 | lr 2.30e-04 | grad_norm 0.505 | tok/s 13,181 | data_time_frac 5.2% | peak_vram 2344MiB
iter  14325 | loss 1.4716 | lr 2.29e-04 | grad_norm 0.502 | tok/s 13,189 | data_time_frac 5.2% | peak_vram 2344MiB
iter  14350 | loss 1.4160 | lr 2.29e-04 | grad_norm 0.486 | tok/s 13,196 | data_time_frac 5.2% | peak_vram 2344MiB
iter  14375 | loss 1.3606 | lr 2.29e-04 | grad_norm 0.506 | tok/s 13,204 | data_time_frac 5.2% | peak_vram 2344MiB
iter  14400 | loss 1.4566 | lr 2.29e-04 | grad_norm 0.496 | tok/s 13,211 | data_time_frac 5.1% | peak_vram 2344MiB
iter  14425 | loss 1.4742 | lr 2.28e-04 | grad_norm 0.501 | tok/s 13,219 | data_time_frac 5.1% | peak_vram 2344MiB
iter  14450 | loss 1.4385 | lr 2.28e-04 | grad_norm 0.502 | tok/s 13,225 | data_time_frac 5.2% | peak_vram 2344MiB
iter  14475 | loss 1.5119 | lr 2.28e-04 | grad_norm 0.529 | tok/s 13,229 | data_time_frac 5.2% | peak_vram 2344MiB
iter  14500 | loss 1.3828 | lr 2.28e-04 | grad_norm 0.487 | tok/s 13,231 | data_time_frac 5.2% | peak_vram 2344MiB
  eval @ iter 14500: train 1.4309  val 1.4311
  new best val_loss 1.4311 — saved checkpoints\001_baseline\best.pt
iter  14525 | loss 1.4180 | lr 2.27e-04 | grad_norm 0.485 | tok/s 13,234 | data_time_frac 5.2% | peak_vram 2344MiB
iter  14550 | loss 1.5171 | lr 2.27e-04 | grad_norm 0.498 | tok/s 13,242 | data_time_frac 5.2% | peak_vram 2344MiB
iter  14575 | loss 1.4610 | lr 2.27e-04 | grad_norm 0.486 | tok/s 13,250 | data_time_frac 5.2% | peak_vram 2344MiB
iter  14600 | loss 1.4452 | lr 2.27e-04 | grad_norm 0.492 | tok/s 13,258 | data_time_frac 5.2% | peak_vram 2344MiB
iter  14625 | loss 1.3963 | lr 2.27e-04 | grad_norm 0.487 | tok/s 13,265 | data_time_frac 5.2% | peak_vram 2344MiB
iter  14650 | loss 1.4016 | lr 2.26e-04 | grad_norm 0.489 | tok/s 13,272 | data_time_frac 5.2% | peak_vram 2344MiB
iter  14675 | loss 1.4000 | lr 2.26e-04 | grad_norm 0.492 | tok/s 13,280 | data_time_frac 5.2% | peak_vram 2344MiB
iter  14700 | loss 1.4721 | lr 2.26e-04 | grad_norm 0.493 | tok/s 13,288 | data_time_frac 5.2% | peak_vram 2344MiB
iter  14725 | loss 1.4442 | lr 2.26e-04 | grad_norm 0.503 | tok/s 13,296 | data_time_frac 5.2% | peak_vram 2344MiB
iter  14750 | loss 1.4348 | lr 2.25e-04 | grad_norm 0.493 | tok/s 13,303 | data_time_frac 5.2% | peak_vram 2344MiB
iter  14775 | loss 1.4723 | lr 2.25e-04 | grad_norm 0.510 | tok/s 13,310 | data_time_frac 5.2% | peak_vram 2344MiB
iter  14800 | loss 1.4249 | lr 2.25e-04 | grad_norm 0.493 | tok/s 13,318 | data_time_frac 5.2% | peak_vram 2344MiB
iter  14825 | loss 1.4240 | lr 2.25e-04 | grad_norm 0.498 | tok/s 13,324 | data_time_frac 5.2% | peak_vram 2344MiB
iter  14850 | loss 1.4569 | lr 2.24e-04 | grad_norm 0.493 | tok/s 13,331 | data_time_frac 5.2% | peak_vram 2344MiB
iter  14875 | loss 1.4590 | lr 2.24e-04 | grad_norm 0.508 | tok/s 13,336 | data_time_frac 5.2% | peak_vram 2344MiB
iter  14900 | loss 1.4331 | lr 2.24e-04 | grad_norm 0.501 | tok/s 13,342 | data_time_frac 5.2% | peak_vram 2344MiB
iter  14925 | loss 1.3764 | lr 2.24e-04 | grad_norm 0.485 | tok/s 13,347 | data_time_frac 5.2% | peak_vram 2344MiB
iter  14950 | loss 1.3795 | lr 2.23e-04 | grad_norm 0.520 | tok/s 13,353 | data_time_frac 5.1% | peak_vram 2344MiB
iter  14975 | loss 1.4226 | lr 2.23e-04 | grad_norm 0.499 | tok/s 13,361 | data_time_frac 5.1% | peak_vram 2344MiB
iter  15000 | loss 1.4521 | lr 2.23e-04 | grad_norm 0.487 | tok/s 13,368 | data_time_frac 5.1% | peak_vram 2344MiB
  eval @ iter 15000: train 1.4414  val 1.4615
iter  15025 | loss 1.4262 | lr 2.23e-04 | grad_norm 0.496 | tok/s 13,373 | data_time_frac 5.1% | peak_vram 2344MiB
iter  15050 | loss 1.4092 | lr 2.22e-04 | grad_norm 0.488 | tok/s 13,379 | data_time_frac 5.1% | peak_vram 2344MiB
iter  15075 | loss 1.3935 | lr 2.22e-04 | grad_norm 0.508 | tok/s 13,384 | data_time_frac 5.1% | peak_vram 2344MiB
iter  15100 | loss 1.4876 | lr 2.22e-04 | grad_norm 0.515 | tok/s 13,390 | data_time_frac 5.1% | peak_vram 2344MiB
iter  15125 | loss 1.4383 | lr 2.22e-04 | grad_norm 0.476 | tok/s 13,397 | data_time_frac 5.1% | peak_vram 2344MiB
iter  15150 | loss 1.4349 | lr 2.21e-04 | grad_norm 0.486 | tok/s 13,402 | data_time_frac 5.1% | peak_vram 2344MiB
iter  15175 | loss 1.4642 | lr 2.21e-04 | grad_norm 0.521 | tok/s 13,408 | data_time_frac 5.1% | peak_vram 2344MiB
iter  15200 | loss 1.4625 | lr 2.21e-04 | grad_norm 0.510 | tok/s 13,414 | data_time_frac 5.1% | peak_vram 2344MiB
iter  15225 | loss 1.4456 | lr 2.21e-04 | grad_norm 0.511 | tok/s 13,421 | data_time_frac 5.1% | peak_vram 2344MiB
iter  15250 | loss 1.4309 | lr 2.20e-04 | grad_norm 0.501 | tok/s 13,427 | data_time_frac 5.1% | peak_vram 2344MiB
iter  15275 | loss 1.4939 | lr 2.20e-04 | grad_norm 0.518 | tok/s 13,433 | data_time_frac 5.1% | peak_vram 2344MiB
iter  15300 | loss 1.4550 | lr 2.20e-04 | grad_norm 0.487 | tok/s 13,439 | data_time_frac 5.1% | peak_vram 2344MiB
iter  15325 | loss 1.4844 | lr 2.20e-04 | grad_norm 0.523 | tok/s 13,446 | data_time_frac 5.1% | peak_vram 2344MiB
iter  15350 | loss 1.4635 | lr 2.19e-04 | grad_norm 0.507 | tok/s 13,453 | data_time_frac 5.1% | peak_vram 2344MiB
iter  15375 | loss 1.4571 | lr 2.19e-04 | grad_norm 0.516 | tok/s 13,459 | data_time_frac 5.1% | peak_vram 2344MiB
iter  15400 | loss 1.4666 | lr 2.19e-04 | grad_norm 0.496 | tok/s 13,465 | data_time_frac 5.1% | peak_vram 2344MiB
iter  15425 | loss 1.3379 | lr 2.19e-04 | grad_norm 0.493 | tok/s 13,471 | data_time_frac 5.1% | peak_vram 2344MiB
iter  15450 | loss 1.5074 | lr 2.18e-04 | grad_norm 0.486 | tok/s 13,478 | data_time_frac 5.1% | peak_vram 2344MiB
iter  15475 | loss 1.4303 | lr 2.18e-04 | grad_norm 0.518 | tok/s 13,484 | data_time_frac 5.1% | peak_vram 2344MiB
iter  15500 | loss 1.4552 | lr 2.18e-04 | grad_norm 0.507 | tok/s 13,490 | data_time_frac 5.1% | peak_vram 2344MiB
  eval @ iter 15500: train 1.4027  val 1.5126
iter  15525 | loss 1.3686 | lr 2.18e-04 | grad_norm 0.491 | tok/s 13,492 | data_time_frac 5.1% | peak_vram 2344MiB
iter  15550 | loss 1.5098 | lr 2.17e-04 | grad_norm 0.512 | tok/s 13,498 | data_time_frac 5.1% | peak_vram 2344MiB
iter  15575 | loss 1.4536 | lr 2.17e-04 | grad_norm 0.502 | tok/s 13,505 | data_time_frac 5.1% | peak_vram 2344MiB
iter  15600 | loss 1.4792 | lr 2.17e-04 | grad_norm 0.505 | tok/s 13,512 | data_time_frac 5.1% | peak_vram 2344MiB
iter  15625 | loss 1.4803 | lr 2.17e-04 | grad_norm 0.499 | tok/s 13,519 | data_time_frac 5.1% | peak_vram 2344MiB
iter  15650 | loss 1.4236 | lr 2.16e-04 | grad_norm 0.502 | tok/s 13,526 | data_time_frac 5.1% | peak_vram 2344MiB
iter  15675 | loss 1.4212 | lr 2.16e-04 | grad_norm 0.499 | tok/s 13,533 | data_time_frac 5.1% | peak_vram 2344MiB
iter  15700 | loss 1.4140 | lr 2.16e-04 | grad_norm 0.513 | tok/s 13,540 | data_time_frac 5.1% | peak_vram 2344MiB
iter  15725 | loss 1.4042 | lr 2.16e-04 | grad_norm 0.509 | tok/s 13,546 | data_time_frac 5.1% | peak_vram 2344MiB
iter  15750 | loss 1.4779 | lr 2.15e-04 | grad_norm 0.501 | tok/s 13,551 | data_time_frac 5.1% | peak_vram 2344MiB
iter  15775 | loss 1.4120 | lr 2.15e-04 | grad_norm 0.493 | tok/s 13,557 | data_time_frac 5.1% | peak_vram 2344MiB
iter  15800 | loss 1.3732 | lr 2.15e-04 | grad_norm 0.503 | tok/s 13,563 | data_time_frac 5.1% | peak_vram 2344MiB
iter  15825 | loss 1.4238 | lr 2.15e-04 | grad_norm 0.506 | tok/s 13,568 | data_time_frac 5.1% | peak_vram 2344MiB
iter  15850 | loss 1.3957 | lr 2.14e-04 | grad_norm 0.500 | tok/s 13,575 | data_time_frac 5.1% | peak_vram 2344MiB
iter  15875 | loss 1.4465 | lr 2.14e-04 | grad_norm 0.476 | tok/s 13,580 | data_time_frac 5.1% | peak_vram 2344MiB
iter  15900 | loss 1.4766 | lr 2.14e-04 | grad_norm 0.504 | tok/s 13,586 | data_time_frac 5.1% | peak_vram 2344MiB
iter  15925 | loss 1.4408 | lr 2.14e-04 | grad_norm 0.513 | tok/s 13,592 | data_time_frac 5.1% | peak_vram 2344MiB
iter  15950 | loss 1.3867 | lr 2.13e-04 | grad_norm 0.498 | tok/s 13,599 | data_time_frac 5.1% | peak_vram 2344MiB
iter  15975 | loss 1.3857 | lr 2.13e-04 | grad_norm 0.525 | tok/s 13,605 | data_time_frac 5.1% | peak_vram 2344MiB
iter  16000 | loss 1.4311 | lr 2.13e-04 | grad_norm 0.520 | tok/s 13,612 | data_time_frac 5.1% | peak_vram 2344MiB
  eval @ iter 16000: train 1.4141  val 1.4486
iter  16025 | loss 1.4493 | lr 2.13e-04 | grad_norm 0.518 | tok/s 13,614 | data_time_frac 5.1% | peak_vram 2344MiB
iter  16050 | loss 1.4359 | lr 2.12e-04 | grad_norm 0.505 | tok/s 13,620 | data_time_frac 5.0% | peak_vram 2344MiB
iter  16075 | loss 1.3848 | lr 2.12e-04 | grad_norm 0.497 | tok/s 13,626 | data_time_frac 5.0% | peak_vram 2344MiB
iter  16100 | loss 1.4204 | lr 2.12e-04 | grad_norm 0.499 | tok/s 13,632 | data_time_frac 5.0% | peak_vram 2344MiB
iter  16125 | loss 1.4131 | lr 2.12e-04 | grad_norm 0.520 | tok/s 13,637 | data_time_frac 5.0% | peak_vram 2344MiB
iter  16150 | loss 1.4175 | lr 2.11e-04 | grad_norm 0.479 | tok/s 13,644 | data_time_frac 5.0% | peak_vram 2344MiB
iter  16175 | loss 1.3850 | lr 2.11e-04 | grad_norm 0.515 | tok/s 13,651 | data_time_frac 5.0% | peak_vram 2344MiB
iter  16200 | loss 1.4322 | lr 2.11e-04 | grad_norm 0.489 | tok/s 13,657 | data_time_frac 5.0% | peak_vram 2344MiB
iter  16225 | loss 1.3888 | lr 2.11e-04 | grad_norm 0.496 | tok/s 13,665 | data_time_frac 5.0% | peak_vram 2344MiB
iter  16250 | loss 1.4891 | lr 2.10e-04 | grad_norm 0.503 | tok/s 13,672 | data_time_frac 5.0% | peak_vram 2344MiB
iter  16275 | loss 1.5038 | lr 2.10e-04 | grad_norm 0.514 | tok/s 13,679 | data_time_frac 5.0% | peak_vram 2344MiB
iter  16300 | loss 1.3645 | lr 2.10e-04 | grad_norm 0.510 | tok/s 13,685 | data_time_frac 5.0% | peak_vram 2344MiB
iter  16325 | loss 1.4307 | lr 2.10e-04 | grad_norm 0.509 | tok/s 13,692 | data_time_frac 5.0% | peak_vram 2344MiB
iter  16350 | loss 1.4302 | lr 2.09e-04 | grad_norm 0.494 | tok/s 13,699 | data_time_frac 5.0% | peak_vram 2344MiB
iter  16375 | loss 1.3655 | lr 2.09e-04 | grad_norm 0.500 | tok/s 13,705 | data_time_frac 5.0% | peak_vram 2344MiB
iter  16400 | loss 1.3975 | lr 2.09e-04 | grad_norm 0.502 | tok/s 13,712 | data_time_frac 5.0% | peak_vram 2344MiB
iter  16425 | loss 1.4350 | lr 2.09e-04 | grad_norm 0.504 | tok/s 13,719 | data_time_frac 5.0% | peak_vram 2344MiB
iter  16450 | loss 1.4172 | lr 2.08e-04 | grad_norm 0.495 | tok/s 13,725 | data_time_frac 5.0% | peak_vram 2344MiB
iter  16475 | loss 1.5004 | lr 2.08e-04 | grad_norm 0.516 | tok/s 13,731 | data_time_frac 5.0% | peak_vram 2344MiB
iter  16500 | loss 1.3930 | lr 2.08e-04 | grad_norm 0.507 | tok/s 13,738 | data_time_frac 5.0% | peak_vram 2344MiB
  eval @ iter 16500: train 1.4170  val 1.4538
iter  16525 | loss 1.4256 | lr 2.07e-04 | grad_norm 0.498 | tok/s 13,741 | data_time_frac 5.0% | peak_vram 2344MiB
iter  16550 | loss 1.3512 | lr 2.07e-04 | grad_norm 0.508 | tok/s 13,748 | data_time_frac 5.0% | peak_vram 2344MiB
iter  16575 | loss 1.4475 | lr 2.07e-04 | grad_norm 0.514 | tok/s 13,754 | data_time_frac 5.0% | peak_vram 2344MiB
iter  16600 | loss 1.4896 | lr 2.07e-04 | grad_norm 0.540 | tok/s 13,761 | data_time_frac 5.0% | peak_vram 2344MiB
iter  16625 | loss 1.4093 | lr 2.06e-04 | grad_norm 0.501 | tok/s 13,767 | data_time_frac 5.0% | peak_vram 2344MiB
iter  16650 | loss 1.4619 | lr 2.06e-04 | grad_norm 0.495 | tok/s 13,774 | data_time_frac 5.0% | peak_vram 2344MiB
iter  16675 | loss 1.4988 | lr 2.06e-04 | grad_norm 0.511 | tok/s 13,781 | data_time_frac 5.0% | peak_vram 2344MiB
iter  16700 | loss 1.4283 | lr 2.06e-04 | grad_norm 0.485 | tok/s 13,788 | data_time_frac 5.0% | peak_vram 2344MiB
iter  16725 | loss 1.3796 | lr 2.05e-04 | grad_norm 0.516 | tok/s 13,793 | data_time_frac 5.0% | peak_vram 2344MiB
iter  16750 | loss 1.3648 | lr 2.05e-04 | grad_norm 0.505 | tok/s 13,799 | data_time_frac 5.0% | peak_vram 2344MiB
iter  16775 | loss 1.4263 | lr 2.05e-04 | grad_norm 0.504 | tok/s 13,803 | data_time_frac 5.0% | peak_vram 2344MiB
iter  16800 | loss 1.3953 | lr 2.05e-04 | grad_norm 0.518 | tok/s 13,809 | data_time_frac 5.0% | peak_vram 2344MiB
iter  16825 | loss 1.4320 | lr 2.04e-04 | grad_norm 0.511 | tok/s 13,816 | data_time_frac 5.0% | peak_vram 2344MiB
iter  16850 | loss 1.3425 | lr 2.04e-04 | grad_norm 0.489 | tok/s 13,822 | data_time_frac 5.0% | peak_vram 2344MiB
iter  16875 | loss 1.4421 | lr 2.04e-04 | grad_norm 0.506 | tok/s 13,826 | data_time_frac 5.0% | peak_vram 2344MiB
iter  16900 | loss 1.4485 | lr 2.04e-04 | grad_norm 0.507 | tok/s 13,830 | data_time_frac 5.0% | peak_vram 2344MiB
iter  16925 | loss 1.5084 | lr 2.03e-04 | grad_norm 0.506 | tok/s 13,832 | data_time_frac 4.9% | peak_vram 2344MiB
iter  16950 | loss 1.4657 | lr 2.03e-04 | grad_norm 0.487 | tok/s 13,835 | data_time_frac 4.9% | peak_vram 2344MiB
iter  16975 | loss 1.4258 | lr 2.03e-04 | grad_norm 0.486 | tok/s 13,839 | data_time_frac 4.9% | peak_vram 2344MiB
iter  17000 | loss 1.3547 | lr 2.03e-04 | grad_norm 0.525 | tok/s 13,842 | data_time_frac 4.9% | peak_vram 2344MiB
  eval @ iter 17000: train 1.4301  val 1.4414
iter  17025 | loss 1.3998 | lr 2.02e-04 | grad_norm 0.500 | tok/s 13,842 | data_time_frac 4.9% | peak_vram 2344MiB
iter  17050 | loss 1.3964 | lr 2.02e-04 | grad_norm 0.507 | tok/s 13,844 | data_time_frac 4.9% | peak_vram 2344MiB
iter  17075 | loss 1.3690 | lr 2.02e-04 | grad_norm 0.493 | tok/s 13,847 | data_time_frac 4.9% | peak_vram 2344MiB
iter  17100 | loss 1.3639 | lr 2.02e-04 | grad_norm 0.498 | tok/s 13,849 | data_time_frac 4.9% | peak_vram 2344MiB
iter  17125 | loss 1.4430 | lr 2.01e-04 | grad_norm 0.496 | tok/s 13,852 | data_time_frac 4.9% | peak_vram 2344MiB
iter  17150 | loss 1.3493 | lr 2.01e-04 | grad_norm 0.505 | tok/s 13,856 | data_time_frac 4.9% | peak_vram 2344MiB
iter  17175 | loss 1.3798 | lr 2.01e-04 | grad_norm 0.503 | tok/s 13,858 | data_time_frac 4.9% | peak_vram 2344MiB
iter  17200 | loss 1.4586 | lr 2.00e-04 | grad_norm 0.508 | tok/s 13,861 | data_time_frac 4.9% | peak_vram 2344MiB
iter  17225 | loss 1.4071 | lr 2.00e-04 | grad_norm 0.498 | tok/s 13,863 | data_time_frac 4.9% | peak_vram 2344MiB
iter  17250 | loss 1.3886 | lr 2.00e-04 | grad_norm 0.505 | tok/s 13,866 | data_time_frac 4.9% | peak_vram 2344MiB
iter  17275 | loss 1.4460 | lr 2.00e-04 | grad_norm 0.520 | tok/s 13,869 | data_time_frac 4.9% | peak_vram 2344MiB
iter  17300 | loss 1.4772 | lr 1.99e-04 | grad_norm 0.514 | tok/s 13,872 | data_time_frac 4.9% | peak_vram 2344MiB
iter  17325 | loss 1.4284 | lr 1.99e-04 | grad_norm 0.499 | tok/s 13,875 | data_time_frac 4.9% | peak_vram 2344MiB
iter  17350 | loss 1.4498 | lr 1.99e-04 | grad_norm 0.526 | tok/s 13,877 | data_time_frac 4.9% | peak_vram 2344MiB
iter  17375 | loss 1.4594 | lr 1.99e-04 | grad_norm 0.518 | tok/s 13,882 | data_time_frac 4.9% | peak_vram 2344MiB
iter  17400 | loss 1.4532 | lr 1.98e-04 | grad_norm 0.523 | tok/s 13,890 | data_time_frac 4.9% | peak_vram 2344MiB
iter  17425 | loss 1.3682 | lr 1.98e-04 | grad_norm 0.497 | tok/s 13,898 | data_time_frac 4.9% | peak_vram 2344MiB
iter  17450 | loss 1.3720 | lr 1.98e-04 | grad_norm 0.503 | tok/s 13,906 | data_time_frac 4.9% | peak_vram 2344MiB
iter  17475 | loss 1.4186 | lr 1.98e-04 | grad_norm 0.512 | tok/s 13,914 | data_time_frac 4.9% | peak_vram 2344MiB
iter  17500 | loss 1.4328 | lr 1.97e-04 | grad_norm 0.509 | tok/s 13,921 | data_time_frac 4.9% | peak_vram 2344MiB
  eval @ iter 17500: train 1.3981  val 1.4479
iter  17525 | loss 1.4716 | lr 1.97e-04 | grad_norm 0.534 | tok/s 13,926 | data_time_frac 4.9% | peak_vram 2344MiB
iter  17550 | loss 1.3370 | lr 1.97e-04 | grad_norm 0.512 | tok/s 13,934 | data_time_frac 4.9% | peak_vram 2344MiB
iter  17575 | loss 1.4135 | lr 1.97e-04 | grad_norm 0.483 | tok/s 13,941 | data_time_frac 4.9% | peak_vram 2344MiB
iter  17600 | loss 1.4500 | lr 1.96e-04 | grad_norm 0.519 | tok/s 13,949 | data_time_frac 4.9% | peak_vram 2344MiB
iter  17625 | loss 1.4221 | lr 1.96e-04 | grad_norm 0.534 | tok/s 13,956 | data_time_frac 4.8% | peak_vram 2344MiB
iter  17650 | loss 1.5081 | lr 1.96e-04 | grad_norm 0.517 | tok/s 13,964 | data_time_frac 4.8% | peak_vram 2344MiB
iter  17675 | loss 1.4461 | lr 1.95e-04 | grad_norm 0.518 | tok/s 13,972 | data_time_frac 4.8% | peak_vram 2344MiB
iter  17700 | loss 1.3209 | lr 1.95e-04 | grad_norm 0.503 | tok/s 13,979 | data_time_frac 4.8% | peak_vram 2344MiB
iter  17725 | loss 1.4480 | lr 1.95e-04 | grad_norm 0.514 | tok/s 13,986 | data_time_frac 4.8% | peak_vram 2344MiB
iter  17750 | loss 1.4972 | lr 1.95e-04 | grad_norm 0.512 | tok/s 13,994 | data_time_frac 4.8% | peak_vram 2344MiB
iter  17775 | loss 1.3809 | lr 1.94e-04 | grad_norm 0.499 | tok/s 14,001 | data_time_frac 4.8% | peak_vram 2344MiB
iter  17800 | loss 1.4340 | lr 1.94e-04 | grad_norm 0.510 | tok/s 14,009 | data_time_frac 4.8% | peak_vram 2344MiB
iter  17825 | loss 1.4029 | lr 1.94e-04 | grad_norm 0.518 | tok/s 14,016 | data_time_frac 4.8% | peak_vram 2344MiB
iter  17850 | loss 1.4040 | lr 1.94e-04 | grad_norm 0.515 | tok/s 14,023 | data_time_frac 4.8% | peak_vram 2344MiB
iter  17875 | loss 1.5100 | lr 1.93e-04 | grad_norm 0.535 | tok/s 14,031 | data_time_frac 4.8% | peak_vram 2344MiB
iter  17900 | loss 1.3837 | lr 1.93e-04 | grad_norm 0.502 | tok/s 14,038 | data_time_frac 4.8% | peak_vram 2344MiB
iter  17925 | loss 1.3775 | lr 1.93e-04 | grad_norm 0.507 | tok/s 14,046 | data_time_frac 4.8% | peak_vram 2344MiB
iter  17950 | loss 1.4126 | lr 1.93e-04 | grad_norm 0.517 | tok/s 14,053 | data_time_frac 4.8% | peak_vram 2344MiB
iter  17975 | loss 1.4299 | lr 1.92e-04 | grad_norm 0.509 | tok/s 14,060 | data_time_frac 4.8% | peak_vram 2344MiB
iter  18000 | loss 1.4029 | lr 1.92e-04 | grad_norm 0.503 | tok/s 14,068 | data_time_frac 4.8% | peak_vram 2344MiB
  eval @ iter 18000: train 1.3826  val 1.4413
iter  18025 | loss 1.4495 | lr 1.92e-04 | grad_norm 0.503 | tok/s 14,072 | data_time_frac 4.8% | peak_vram 2344MiB
iter  18050 | loss 1.3506 | lr 1.91e-04 | grad_norm 0.518 | tok/s 14,079 | data_time_frac 4.8% | peak_vram 2344MiB
iter  18075 | loss 1.4016 | lr 1.91e-04 | grad_norm 0.516 | tok/s 14,086 | data_time_frac 4.8% | peak_vram 2344MiB
iter  18100 | loss 1.3930 | lr 1.91e-04 | grad_norm 0.503 | tok/s 14,094 | data_time_frac 4.8% | peak_vram 2344MiB
iter  18125 | loss 1.4768 | lr 1.91e-04 | grad_norm 0.545 | tok/s 14,101 | data_time_frac 4.8% | peak_vram 2344MiB
iter  18150 | loss 1.3824 | lr 1.90e-04 | grad_norm 0.531 | tok/s 14,108 | data_time_frac 4.8% | peak_vram 2344MiB
iter  18175 | loss 1.4431 | lr 1.90e-04 | grad_norm 0.544 | tok/s 14,115 | data_time_frac 4.8% | peak_vram 2344MiB
iter  18200 | loss 1.4153 | lr 1.90e-04 | grad_norm 0.511 | tok/s 14,123 | data_time_frac 4.8% | peak_vram 2344MiB
iter  18225 | loss 1.4098 | lr 1.90e-04 | grad_norm 0.504 | tok/s 14,130 | data_time_frac 4.8% | peak_vram 2344MiB
iter  18250 | loss 1.4215 | lr 1.89e-04 | grad_norm 0.523 | tok/s 14,137 | data_time_frac 4.8% | peak_vram 2344MiB
iter  18275 | loss 1.3683 | lr 1.89e-04 | grad_norm 0.497 | tok/s 14,144 | data_time_frac 4.8% | peak_vram 2344MiB
iter  18300 | loss 1.3871 | lr 1.89e-04 | grad_norm 0.503 | tok/s 14,151 | data_time_frac 4.8% | peak_vram 2344MiB
iter  18325 | loss 1.4010 | lr 1.89e-04 | grad_norm 0.499 | tok/s 14,158 | data_time_frac 4.7% | peak_vram 2344MiB
iter  18350 | loss 1.4608 | lr 1.88e-04 | grad_norm 0.506 | tok/s 14,165 | data_time_frac 4.7% | peak_vram 2344MiB
iter  18375 | loss 1.4168 | lr 1.88e-04 | grad_norm 0.517 | tok/s 14,173 | data_time_frac 4.7% | peak_vram 2344MiB
iter  18400 | loss 1.3795 | lr 1.88e-04 | grad_norm 0.505 | tok/s 14,180 | data_time_frac 4.7% | peak_vram 2344MiB
iter  18425 | loss 1.3291 | lr 1.87e-04 | grad_norm 0.507 | tok/s 14,187 | data_time_frac 4.7% | peak_vram 2344MiB
iter  18450 | loss 1.3969 | lr 1.87e-04 | grad_norm 0.519 | tok/s 14,194 | data_time_frac 4.7% | peak_vram 2344MiB
iter  18475 | loss 1.4605 | lr 1.87e-04 | grad_norm 0.517 | tok/s 14,201 | data_time_frac 4.7% | peak_vram 2344MiB
iter  18500 | loss 1.4499 | lr 1.87e-04 | grad_norm 0.505 | tok/s 14,208 | data_time_frac 4.7% | peak_vram 2344MiB
  eval @ iter 18500: train 1.4150  val 1.4989
iter  18525 | loss 1.3458 | lr 1.86e-04 | grad_norm 0.510 | tok/s 14,212 | data_time_frac 4.7% | peak_vram 2344MiB
iter  18550 | loss 1.3428 | lr 1.86e-04 | grad_norm 0.510 | tok/s 14,219 | data_time_frac 4.7% | peak_vram 2344MiB
iter  18575 | loss 1.4478 | lr 1.86e-04 | grad_norm 0.548 | tok/s 14,226 | data_time_frac 4.7% | peak_vram 2344MiB
iter  18600 | loss 1.4665 | lr 1.86e-04 | grad_norm 0.511 | tok/s 14,233 | data_time_frac 4.7% | peak_vram 2344MiB
iter  18625 | loss 1.4216 | lr 1.85e-04 | grad_norm 0.528 | tok/s 14,240 | data_time_frac 4.7% | peak_vram 2344MiB
iter  18650 | loss 1.2696 | lr 1.85e-04 | grad_norm 0.499 | tok/s 14,247 | data_time_frac 4.7% | peak_vram 2344MiB
iter  18675 | loss 1.4196 | lr 1.85e-04 | grad_norm 0.512 | tok/s 14,254 | data_time_frac 4.7% | peak_vram 2344MiB
iter  18700 | loss 1.3728 | lr 1.85e-04 | grad_norm 0.509 | tok/s 14,261 | data_time_frac 4.7% | peak_vram 2344MiB
iter  18725 | loss 1.3238 | lr 1.84e-04 | grad_norm 0.494 | tok/s 14,268 | data_time_frac 4.7% | peak_vram 2344MiB
iter  18750 | loss 1.4434 | lr 1.84e-04 | grad_norm 0.504 | tok/s 14,275 | data_time_frac 4.7% | peak_vram 2344MiB
iter  18775 | loss 1.4587 | lr 1.84e-04 | grad_norm 0.510 | tok/s 14,282 | data_time_frac 4.7% | peak_vram 2344MiB
iter  18800 | loss 1.3602 | lr 1.83e-04 | grad_norm 0.512 | tok/s 14,289 | data_time_frac 4.7% | peak_vram 2344MiB
iter  18825 | loss 1.3874 | lr 1.83e-04 | grad_norm 0.524 | tok/s 14,296 | data_time_frac 4.7% | peak_vram 2344MiB
iter  18850 | loss 1.3891 | lr 1.83e-04 | grad_norm 0.526 | tok/s 14,302 | data_time_frac 4.7% | peak_vram 2344MiB
iter  18875 | loss 1.4393 | lr 1.83e-04 | grad_norm 0.510 | tok/s 14,309 | data_time_frac 4.7% | peak_vram 2344MiB
iter  18900 | loss 1.3590 | lr 1.82e-04 | grad_norm 0.520 | tok/s 14,316 | data_time_frac 4.7% | peak_vram 2344MiB
iter  18925 | loss 1.4826 | lr 1.82e-04 | grad_norm 0.547 | tok/s 14,323 | data_time_frac 4.7% | peak_vram 2344MiB
iter  18950 | loss 1.3105 | lr 1.82e-04 | grad_norm 0.534 | tok/s 14,330 | data_time_frac 4.7% | peak_vram 2344MiB
iter  18975 | loss 1.3593 | lr 1.82e-04 | grad_norm 0.514 | tok/s 14,336 | data_time_frac 4.7% | peak_vram 2344MiB
iter  19000 | loss 1.4396 | lr 1.81e-04 | grad_norm 0.516 | tok/s 14,343 | data_time_frac 4.7% | peak_vram 2344MiB
  eval @ iter 19000: train 1.3967  val 1.4849
iter  19025 | loss 1.4672 | lr 1.81e-04 | grad_norm 0.515 | tok/s 14,348 | data_time_frac 4.6% | peak_vram 2344MiB
iter  19050 | loss 1.3871 | lr 1.81e-04 | grad_norm 0.515 | tok/s 14,354 | data_time_frac 4.6% | peak_vram 2344MiB
iter  19075 | loss 1.4706 | lr 1.80e-04 | grad_norm 0.520 | tok/s 14,361 | data_time_frac 4.6% | peak_vram 2344MiB
iter  19100 | loss 1.4345 | lr 1.80e-04 | grad_norm 0.528 | tok/s 14,368 | data_time_frac 4.6% | peak_vram 2344MiB
iter  19125 | loss 1.4043 | lr 1.80e-04 | grad_norm 0.519 | tok/s 14,375 | data_time_frac 4.6% | peak_vram 2344MiB
iter  19150 | loss 1.4106 | lr 1.80e-04 | grad_norm 0.511 | tok/s 14,381 | data_time_frac 4.6% | peak_vram 2344MiB
iter  19175 | loss 1.4603 | lr 1.79e-04 | grad_norm 0.537 | tok/s 14,388 | data_time_frac 4.6% | peak_vram 2344MiB
iter  19200 | loss 1.2968 | lr 1.79e-04 | grad_norm 0.517 | tok/s 14,395 | data_time_frac 4.6% | peak_vram 2344MiB
iter  19225 | loss 1.4199 | lr 1.79e-04 | grad_norm 0.521 | tok/s 14,401 | data_time_frac 4.6% | peak_vram 2344MiB
iter  19250 | loss 1.4426 | lr 1.79e-04 | grad_norm 0.502 | tok/s 14,408 | data_time_frac 4.6% | peak_vram 2344MiB
iter  19275 | loss 1.3954 | lr 1.78e-04 | grad_norm 0.524 | tok/s 14,415 | data_time_frac 4.6% | peak_vram 2344MiB
iter  19300 | loss 1.4168 | lr 1.78e-04 | grad_norm 0.509 | tok/s 14,421 | data_time_frac 4.6% | peak_vram 2344MiB
iter  19325 | loss 1.3906 | lr 1.78e-04 | grad_norm 0.503 | tok/s 14,424 | data_time_frac 4.6% | peak_vram 2344MiB
iter  19350 | loss 1.3730 | lr 1.77e-04 | grad_norm 0.513 | tok/s 14,414 | data_time_frac 4.6% | peak_vram 2344MiB
iter  19375 | loss 1.3516 | lr 1.77e-04 | grad_norm 0.529 | tok/s 8,979 | data_time_frac 2.9% | peak_vram 2344MiB
iter  19400 | loss 1.4563 | lr 1.77e-04 | grad_norm 0.503 | tok/s 8,987 | data_time_frac 2.9% | peak_vram 2344MiB
iter  19425 | loss 1.3304 | lr 1.77e-04 | grad_norm 0.518 | tok/s 8,995 | data_time_frac 2.9% | peak_vram 2344MiB
iter  19450 | loss 1.4023 | lr 1.76e-04 | grad_norm 0.508 | tok/s 9,003 | data_time_frac 2.9% | peak_vram 2344MiB
iter  19475 | loss 1.3620 | lr 1.76e-04 | grad_norm 0.506 | tok/s 9,011 | data_time_frac 2.9% | peak_vram 2344MiB
iter  19500 | loss 1.3854 | lr 1.76e-04 | grad_norm 0.524 | tok/s 9,019 | data_time_frac 2.9% | peak_vram 2344MiB
  eval @ iter 19500: train 1.4130  val 1.4495
iter  19525 | loss 1.3575 | lr 1.76e-04 | grad_norm 0.528 | tok/s 9,026 | data_time_frac 2.9% | peak_vram 2344MiB
iter  19550 | loss 1.4340 | lr 1.75e-04 | grad_norm 0.513 | tok/s 9,033 | data_time_frac 2.9% | peak_vram 2344MiB
iter  19575 | loss 1.3916 | lr 1.75e-04 | grad_norm 0.521 | tok/s 9,041 | data_time_frac 2.9% | peak_vram 2344MiB
iter  19600 | loss 1.3956 | lr 1.75e-04 | grad_norm 0.550 | tok/s 9,048 | data_time_frac 2.9% | peak_vram 2344MiB
iter  19625 | loss 1.3038 | lr 1.75e-04 | grad_norm 0.500 | tok/s 9,055 | data_time_frac 2.9% | peak_vram 2344MiB
iter  19650 | loss 1.3618 | lr 1.74e-04 | grad_norm 0.519 | tok/s 9,063 | data_time_frac 2.9% | peak_vram 2344MiB
iter  19675 | loss 1.3828 | lr 1.74e-04 | grad_norm 0.493 | tok/s 9,070 | data_time_frac 2.9% | peak_vram 2344MiB
iter  19700 | loss 1.4053 | lr 1.74e-04 | grad_norm 0.532 | tok/s 9,077 | data_time_frac 2.9% | peak_vram 2344MiB
iter  19725 | loss 1.4054 | lr 1.73e-04 | grad_norm 0.532 | tok/s 9,084 | data_time_frac 2.9% | peak_vram 2344MiB
iter  19750 | loss 1.4349 | lr 1.73e-04 | grad_norm 0.520 | tok/s 9,091 | data_time_frac 2.9% | peak_vram 2344MiB
iter  19775 | loss 1.4555 | lr 1.73e-04 | grad_norm 1.223 | tok/s 9,098 | data_time_frac 2.9% | peak_vram 2344MiB
iter  19800 | loss 1.3480 | lr 1.73e-04 | grad_norm 0.507 | tok/s 9,105 | data_time_frac 2.9% | peak_vram 2344MiB
iter  19825 | loss 1.3230 | lr 1.72e-04 | grad_norm 0.532 | tok/s 9,112 | data_time_frac 2.9% | peak_vram 2344MiB
iter  19850 | loss 1.3563 | lr 1.72e-04 | grad_norm 0.519 | tok/s 9,119 | data_time_frac 2.9% | peak_vram 2344MiB
iter  19875 | loss 1.4663 | lr 1.72e-04 | grad_norm 0.512 | tok/s 9,125 | data_time_frac 2.9% | peak_vram 2344MiB
iter  19900 | loss 1.3494 | lr 1.72e-04 | grad_norm 0.510 | tok/s 9,132 | data_time_frac 2.9% | peak_vram 2344MiB
iter  19925 | loss 1.4194 | lr 1.71e-04 | grad_norm 0.520 | tok/s 9,139 | data_time_frac 2.9% | peak_vram 2344MiB
iter  19950 | loss 1.3915 | lr 1.71e-04 | grad_norm 0.504 | tok/s 9,145 | data_time_frac 2.9% | peak_vram 2344MiB
iter  19975 | loss 1.4358 | lr 1.71e-04 | grad_norm 0.519 | tok/s 9,152 | data_time_frac 2.9% | peak_vram 2344MiB
iter  20000 | loss 1.3868 | lr 1.70e-04 | grad_norm 0.523 | tok/s 9,159 | data_time_frac 2.8% | peak_vram 2344MiB
  eval @ iter 20000: train 1.3819  val 1.4397
iter  20025 | loss 1.3377 | lr 1.70e-04 | grad_norm 0.509 | tok/s 9,165 | data_time_frac 2.8% | peak_vram 2344MiB
iter  20050 | loss 1.3712 | lr 1.70e-04 | grad_norm 0.508 | tok/s 9,171 | data_time_frac 2.8% | peak_vram 2344MiB
iter  20075 | loss 1.4301 | lr 1.70e-04 | grad_norm 0.517 | tok/s 9,178 | data_time_frac 2.8% | peak_vram 2344MiB
iter  20100 | loss 1.3528 | lr 1.69e-04 | grad_norm 0.527 | tok/s 9,185 | data_time_frac 2.8% | peak_vram 2344MiB
iter  20125 | loss 1.3853 | lr 1.69e-04 | grad_norm 0.508 | tok/s 9,192 | data_time_frac 2.8% | peak_vram 2344MiB
iter  20150 | loss 1.3801 | lr 1.69e-04 | grad_norm 0.542 | tok/s 9,198 | data_time_frac 2.8% | peak_vram 2344MiB
iter  20175 | loss 1.4111 | lr 1.69e-04 | grad_norm 0.506 | tok/s 9,205 | data_time_frac 2.8% | peak_vram 2344MiB
iter  20200 | loss 1.2799 | lr 1.68e-04 | grad_norm 0.506 | tok/s 9,212 | data_time_frac 2.8% | peak_vram 2344MiB
iter  20225 | loss 1.4732 | lr 1.68e-04 | grad_norm 0.517 | tok/s 9,218 | data_time_frac 2.8% | peak_vram 2344MiB
iter  20250 | loss 1.4071 | lr 1.68e-04 | grad_norm 0.531 | tok/s 9,225 | data_time_frac 2.8% | peak_vram 2344MiB
iter  20275 | loss 1.3673 | lr 1.67e-04 | grad_norm 0.515 | tok/s 9,232 | data_time_frac 2.8% | peak_vram 2344MiB
iter  20300 | loss 1.3638 | lr 1.67e-04 | grad_norm 0.525 | tok/s 9,238 | data_time_frac 2.8% | peak_vram 2344MiB
iter  20325 | loss 1.4065 | lr 1.67e-04 | grad_norm 0.519 | tok/s 9,245 | data_time_frac 2.8% | peak_vram 2344MiB
iter  20350 | loss 1.3843 | lr 1.67e-04 | grad_norm 0.544 | tok/s 9,252 | data_time_frac 2.8% | peak_vram 2344MiB
iter  20375 | loss 1.3592 | lr 1.66e-04 | grad_norm 0.533 | tok/s 9,258 | data_time_frac 2.8% | peak_vram 2344MiB
iter  20400 | loss 1.3563 | lr 1.66e-04 | grad_norm 0.528 | tok/s 9,265 | data_time_frac 2.8% | peak_vram 2344MiB
iter  20425 | loss 1.3886 | lr 1.66e-04 | grad_norm 0.543 | tok/s 9,271 | data_time_frac 2.8% | peak_vram 2344MiB
iter  20450 | loss 1.4590 | lr 1.66e-04 | grad_norm 0.521 | tok/s 9,278 | data_time_frac 2.8% | peak_vram 2344MiB
iter  20475 | loss 1.3944 | lr 1.65e-04 | grad_norm 0.533 | tok/s 9,285 | data_time_frac 2.8% | peak_vram 2344MiB
iter  20500 | loss 1.3743 | lr 1.65e-04 | grad_norm 0.527 | tok/s 9,291 | data_time_frac 2.8% | peak_vram 2344MiB
  eval @ iter 20500: train 1.3820  val 1.4334
iter  20525 | loss 1.4052 | lr 1.65e-04 | grad_norm 0.536 | tok/s 9,297 | data_time_frac 2.8% | peak_vram 2344MiB
iter  20550 | loss 1.3734 | lr 1.64e-04 | grad_norm 0.521 | tok/s 9,303 | data_time_frac 2.8% | peak_vram 2344MiB
iter  20575 | loss 1.3225 | lr 1.64e-04 | grad_norm 0.513 | tok/s 9,310 | data_time_frac 2.8% | peak_vram 2344MiB
iter  20600 | loss 1.4032 | lr 1.64e-04 | grad_norm 0.523 | tok/s 9,317 | data_time_frac 2.8% | peak_vram 2344MiB
iter  20625 | loss 1.4022 | lr 1.64e-04 | grad_norm 0.528 | tok/s 9,323 | data_time_frac 2.8% | peak_vram 2344MiB
iter  20650 | loss 1.4462 | lr 1.63e-04 | grad_norm 0.545 | tok/s 9,330 | data_time_frac 2.8% | peak_vram 2344MiB
iter  20675 | loss 1.4154 | lr 1.63e-04 | grad_norm 0.524 | tok/s 9,336 | data_time_frac 2.8% | peak_vram 2344MiB
iter  20700 | loss 1.3647 | lr 1.63e-04 | grad_norm 0.524 | tok/s 9,343 | data_time_frac 2.8% | peak_vram 2344MiB
iter  20725 | loss 1.2657 | lr 1.63e-04 | grad_norm 0.535 | tok/s 9,349 | data_time_frac 2.8% | peak_vram 2344MiB
iter  20750 | loss 1.3418 | lr 1.62e-04 | grad_norm 0.524 | tok/s 9,356 | data_time_frac 2.8% | peak_vram 2344MiB
iter  20775 | loss 1.4172 | lr 1.62e-04 | grad_norm 0.531 | tok/s 9,362 | data_time_frac 2.8% | peak_vram 2344MiB
iter  20800 | loss 1.3779 | lr 1.62e-04 | grad_norm 0.522 | tok/s 9,368 | data_time_frac 2.8% | peak_vram 2344MiB
iter  20825 | loss 1.3845 | lr 1.61e-04 | grad_norm 0.529 | tok/s 9,374 | data_time_frac 2.8% | peak_vram 2344MiB
iter  20850 | loss 1.3664 | lr 1.61e-04 | grad_norm 0.519 | tok/s 9,380 | data_time_frac 2.8% | peak_vram 2344MiB
iter  20875 | loss 1.3579 | lr 1.61e-04 | grad_norm 0.546 | tok/s 9,386 | data_time_frac 2.8% | peak_vram 2344MiB
iter  20900 | loss 1.4231 | lr 1.61e-04 | grad_norm 0.535 | tok/s 9,392 | data_time_frac 2.8% | peak_vram 2344MiB
iter  20925 | loss 1.3750 | lr 1.60e-04 | grad_norm 0.534 | tok/s 9,398 | data_time_frac 2.8% | peak_vram 2344MiB
iter  20950 | loss 1.4163 | lr 1.60e-04 | grad_norm 0.539 | tok/s 9,404 | data_time_frac 2.8% | peak_vram 2344MiB
iter  20975 | loss 1.3995 | lr 1.60e-04 | grad_norm 0.547 | tok/s 9,410 | data_time_frac 2.8% | peak_vram 2344MiB
iter  21000 | loss 1.3552 | lr 1.60e-04 | grad_norm 0.522 | tok/s 9,416 | data_time_frac 2.8% | peak_vram 2344MiB
  eval @ iter 21000: train 1.3854  val 1.4408
iter  21025 | loss 1.3459 | lr 1.59e-04 | grad_norm 0.507 | tok/s 9,420 | data_time_frac 2.8% | peak_vram 2344MiB
iter  21050 | loss 1.4029 | lr 1.59e-04 | grad_norm 0.510 | tok/s 9,425 | data_time_frac 2.8% | peak_vram 2344MiB
iter  21075 | loss 1.3798 | lr 1.59e-04 | grad_norm 0.528 | tok/s 9,429 | data_time_frac 2.9% | peak_vram 2344MiB
iter  21100 | loss 1.3912 | lr 1.58e-04 | grad_norm 0.526 | tok/s 9,434 | data_time_frac 2.9% | peak_vram 2344MiB
iter  21125 | loss 1.4104 | lr 1.58e-04 | grad_norm 0.518 | tok/s 9,439 | data_time_frac 2.9% | peak_vram 2344MiB
iter  21150 | loss 1.4545 | lr 1.58e-04 | grad_norm 0.528 | tok/s 9,444 | data_time_frac 2.9% | peak_vram 2344MiB
iter  21175 | loss 1.3631 | lr 1.58e-04 | grad_norm 0.528 | tok/s 9,447 | data_time_frac 2.9% | peak_vram 2344MiB
iter  21200 | loss 1.4067 | lr 1.57e-04 | grad_norm 0.527 | tok/s 9,451 | data_time_frac 2.9% | peak_vram 2344MiB
iter  21225 | loss 1.3772 | lr 1.57e-04 | grad_norm 0.537 | tok/s 9,456 | data_time_frac 2.9% | peak_vram 2344MiB
iter  21250 | loss 1.3858 | lr 1.57e-04 | grad_norm 0.548 | tok/s 9,461 | data_time_frac 2.9% | peak_vram 2344MiB
iter  21275 | loss 1.4373 | lr 1.57e-04 | grad_norm 0.519 | tok/s 9,467 | data_time_frac 2.9% | peak_vram 2344MiB
iter  21300 | loss 1.3518 | lr 1.56e-04 | grad_norm 0.517 | tok/s 9,473 | data_time_frac 2.9% | peak_vram 2344MiB
iter  21325 | loss 1.4835 | lr 1.56e-04 | grad_norm 0.535 | tok/s 9,480 | data_time_frac 2.9% | peak_vram 2344MiB
iter  21350 | loss 1.4069 | lr 1.56e-04 | grad_norm 0.516 | tok/s 9,486 | data_time_frac 2.9% | peak_vram 2344MiB
iter  21375 | loss 1.3671 | lr 1.55e-04 | grad_norm 0.515 | tok/s 9,492 | data_time_frac 2.9% | peak_vram 2344MiB
iter  21400 | loss 1.5207 | lr 1.55e-04 | grad_norm 0.547 | tok/s 9,499 | data_time_frac 2.9% | peak_vram 2344MiB
iter  21425 | loss 1.4397 | lr 1.55e-04 | grad_norm 0.515 | tok/s 9,504 | data_time_frac 2.9% | peak_vram 2344MiB
iter  21450 | loss 1.4720 | lr 1.55e-04 | grad_norm 0.541 | tok/s 9,509 | data_time_frac 2.9% | peak_vram 2344MiB
iter  21475 | loss 1.4537 | lr 1.54e-04 | grad_norm 0.537 | tok/s 9,515 | data_time_frac 2.9% | peak_vram 2344MiB
iter  21500 | loss 1.3202 | lr 1.54e-04 | grad_norm 0.513 | tok/s 9,521 | data_time_frac 2.9% | peak_vram 2344MiB
  eval @ iter 21500: train 1.3654  val 1.4108
  new best val_loss 1.4108 — saved checkpoints\001_baseline\best.pt
iter  21525 | loss 1.4777 | lr 1.54e-04 | grad_norm 0.536 | tok/s 9,523 | data_time_frac 2.9% | peak_vram 2344MiB
iter  21550 | loss 1.4238 | lr 1.54e-04 | grad_norm 0.557 | tok/s 9,528 | data_time_frac 2.9% | peak_vram 2344MiB
iter  21575 | loss 1.3942 | lr 1.53e-04 | grad_norm 0.543 | tok/s 9,533 | data_time_frac 2.9% | peak_vram 2344MiB
iter  21600 | loss 1.4287 | lr 1.53e-04 | grad_norm 0.550 | tok/s 9,538 | data_time_frac 2.9% | peak_vram 2344MiB
iter  21625 | loss 1.4555 | lr 1.53e-04 | grad_norm 0.533 | tok/s 9,543 | data_time_frac 2.9% | peak_vram 2344MiB
iter  21650 | loss 1.4064 | lr 1.53e-04 | grad_norm 0.526 | tok/s 9,549 | data_time_frac 2.9% | peak_vram 2344MiB
iter  21675 | loss 1.3427 | lr 1.52e-04 | grad_norm 0.513 | tok/s 9,554 | data_time_frac 2.9% | peak_vram 2344MiB
iter  21700 | loss 1.4500 | lr 1.52e-04 | grad_norm 0.531 | tok/s 9,559 | data_time_frac 2.9% | peak_vram 2344MiB
iter  21725 | loss 1.4369 | lr 1.52e-04 | grad_norm 0.525 | tok/s 9,563 | data_time_frac 2.9% | peak_vram 2344MiB
iter  21750 | loss 1.3319 | lr 1.51e-04 | grad_norm 0.516 | tok/s 9,568 | data_time_frac 2.9% | peak_vram 2344MiB
iter  21775 | loss 1.4113 | lr 1.51e-04 | grad_norm 0.519 | tok/s 9,573 | data_time_frac 2.9% | peak_vram 2344MiB
iter  21800 | loss 1.3838 | lr 1.51e-04 | grad_norm 0.551 | tok/s 9,578 | data_time_frac 2.9% | peak_vram 2344MiB
iter  21825 | loss 1.3144 | lr 1.51e-04 | grad_norm 0.511 | tok/s 9,583 | data_time_frac 2.9% | peak_vram 2344MiB
iter  21850 | loss 1.2890 | lr 1.50e-04 | grad_norm 0.514 | tok/s 9,588 | data_time_frac 2.9% | peak_vram 2344MiB
iter  21875 | loss 1.4086 | lr 1.50e-04 | grad_norm 0.518 | tok/s 9,592 | data_time_frac 2.9% | peak_vram 2344MiB
iter  21900 | loss 1.3781 | lr 1.50e-04 | grad_norm 0.517 | tok/s 9,597 | data_time_frac 2.9% | peak_vram 2344MiB
iter  21925 | loss 1.3308 | lr 1.50e-04 | grad_norm 0.526 | tok/s 9,602 | data_time_frac 2.9% | peak_vram 2344MiB
iter  21950 | loss 1.4504 | lr 1.49e-04 | grad_norm 0.534 | tok/s 9,607 | data_time_frac 2.9% | peak_vram 2344MiB
iter  21975 | loss 1.3802 | lr 1.49e-04 | grad_norm 0.547 | tok/s 9,612 | data_time_frac 2.9% | peak_vram 2344MiB
iter  22000 | loss 1.4273 | lr 1.49e-04 | grad_norm 0.520 | tok/s 9,616 | data_time_frac 2.9% | peak_vram 2344MiB
  eval @ iter 22000: train 1.3997  val 1.4041
  new best val_loss 1.4041 — saved checkpoints\001_baseline\best.pt
iter  22025 | loss 1.3852 | lr 1.48e-04 | grad_norm 0.536 | tok/s 9,614 | data_time_frac 2.9% | peak_vram 2344MiB
iter  22050 | loss 1.3182 | lr 1.48e-04 | grad_norm 0.516 | tok/s 9,618 | data_time_frac 2.9% | peak_vram 2344MiB
iter  22075 | loss 1.4261 | lr 1.48e-04 | grad_norm 0.530 | tok/s 9,625 | data_time_frac 2.9% | peak_vram 2344MiB
iter  22100 | loss 1.4131 | lr 1.48e-04 | grad_norm 0.592 | tok/s 9,632 | data_time_frac 2.9% | peak_vram 2344MiB
iter  22125 | loss 1.3833 | lr 1.47e-04 | grad_norm 0.532 | tok/s 9,639 | data_time_frac 2.9% | peak_vram 2344MiB
iter  22150 | loss 1.3802 | lr 1.47e-04 | grad_norm 0.547 | tok/s 9,646 | data_time_frac 2.9% | peak_vram 2344MiB
iter  22175 | loss 1.4244 | lr 1.47e-04 | grad_norm 0.525 | tok/s 9,652 | data_time_frac 3.0% | peak_vram 2344MiB
iter  22200 | loss 1.3827 | lr 1.47e-04 | grad_norm 0.542 | tok/s 9,657 | data_time_frac 3.0% | peak_vram 2344MiB
iter  22225 | loss 1.3197 | lr 1.46e-04 | grad_norm 0.518 | tok/s 9,663 | data_time_frac 3.0% | peak_vram 2344MiB
iter  22250 | loss 1.4229 | lr 1.46e-04 | grad_norm 0.551 | tok/s 9,668 | data_time_frac 3.0% | peak_vram 2344MiB
iter  22275 | loss 1.3901 | lr 1.46e-04 | grad_norm 0.539 | tok/s 9,674 | data_time_frac 3.0% | peak_vram 2344MiB
iter  22300 | loss 1.3132 | lr 1.45e-04 | grad_norm 0.517 | tok/s 9,679 | data_time_frac 3.0% | peak_vram 2344MiB
iter  22325 | loss 1.2750 | lr 1.45e-04 | grad_norm 0.505 | tok/s 9,686 | data_time_frac 3.0% | peak_vram 2344MiB
iter  22350 | loss 1.3825 | lr 1.45e-04 | grad_norm 0.559 | tok/s 9,692 | data_time_frac 3.0% | peak_vram 2344MiB
iter  22375 | loss 1.3810 | lr 1.45e-04 | grad_norm 0.526 | tok/s 9,698 | data_time_frac 3.0% | peak_vram 2344MiB
iter  22400 | loss 1.3003 | lr 1.44e-04 | grad_norm 0.507 | tok/s 9,705 | data_time_frac 3.0% | peak_vram 2344MiB
iter  22425 | loss 1.3547 | lr 1.44e-04 | grad_norm 0.530 | tok/s 9,712 | data_time_frac 3.0% | peak_vram 2344MiB
iter  22450 | loss 1.3134 | lr 1.44e-04 | grad_norm 0.518 | tok/s 9,718 | data_time_frac 3.0% | peak_vram 2344MiB
iter  22475 | loss 1.4144 | lr 1.44e-04 | grad_norm 0.537 | tok/s 9,725 | data_time_frac 3.0% | peak_vram 2344MiB
iter  22500 | loss 1.3773 | lr 1.43e-04 | grad_norm 0.527 | tok/s 9,732 | data_time_frac 3.0% | peak_vram 2344MiB
  eval @ iter 22500: train 1.3654  val 1.4450
iter  22525 | loss 1.3791 | lr 1.43e-04 | grad_norm 0.544 | tok/s 9,737 | data_time_frac 3.0% | peak_vram 2344MiB
iter  22550 | loss 1.3662 | lr 1.43e-04 | grad_norm 0.526 | tok/s 9,744 | data_time_frac 3.0% | peak_vram 2344MiB
iter  22575 | loss 1.3666 | lr 1.43e-04 | grad_norm 0.522 | tok/s 9,751 | data_time_frac 3.0% | peak_vram 2344MiB
iter  22600 | loss 1.3885 | lr 1.42e-04 | grad_norm 0.526 | tok/s 9,757 | data_time_frac 3.0% | peak_vram 2344MiB
iter  22625 | loss 1.3845 | lr 1.42e-04 | grad_norm 0.528 | tok/s 9,764 | data_time_frac 3.0% | peak_vram 2344MiB
iter  22650 | loss 1.4276 | lr 1.42e-04 | grad_norm 0.546 | tok/s 9,771 | data_time_frac 3.0% | peak_vram 2344MiB
iter  22675 | loss 1.4117 | lr 1.41e-04 | grad_norm 0.542 | tok/s 9,777 | data_time_frac 3.0% | peak_vram 2344MiB
iter  22700 | loss 1.3667 | lr 1.41e-04 | grad_norm 0.544 | tok/s 9,784 | data_time_frac 3.0% | peak_vram 2344MiB
iter  22725 | loss 1.4238 | lr 1.41e-04 | grad_norm 0.537 | tok/s 9,790 | data_time_frac 3.0% | peak_vram 2344MiB
iter  22750 | loss 1.3556 | lr 1.41e-04 | grad_norm 0.531 | tok/s 9,797 | data_time_frac 3.0% | peak_vram 2344MiB
iter  22775 | loss 1.3124 | lr 1.40e-04 | grad_norm 0.533 | tok/s 9,804 | data_time_frac 3.0% | peak_vram 2344MiB
iter  22800 | loss 1.4210 | lr 1.40e-04 | grad_norm 0.540 | tok/s 9,810 | data_time_frac 3.0% | peak_vram 2344MiB
iter  22825 | loss 1.4016 | lr 1.40e-04 | grad_norm 0.542 | tok/s 9,816 | data_time_frac 3.0% | peak_vram 2344MiB
iter  22850 | loss 1.3995 | lr 1.40e-04 | grad_norm 0.560 | tok/s 9,823 | data_time_frac 3.0% | peak_vram 2344MiB
iter  22875 | loss 1.4180 | lr 1.39e-04 | grad_norm 0.538 | tok/s 9,829 | data_time_frac 3.0% | peak_vram 2344MiB
iter  22900 | loss 1.4447 | lr 1.39e-04 | grad_norm 0.536 | tok/s 9,836 | data_time_frac 3.0% | peak_vram 2344MiB
iter  22925 | loss 1.3265 | lr 1.39e-04 | grad_norm 0.548 | tok/s 9,842 | data_time_frac 3.0% | peak_vram 2344MiB
iter  22950 | loss 1.3789 | lr 1.39e-04 | grad_norm 0.550 | tok/s 9,848 | data_time_frac 3.0% | peak_vram 2344MiB
iter  22975 | loss 1.3506 | lr 1.38e-04 | grad_norm 0.566 | tok/s 9,855 | data_time_frac 3.0% | peak_vram 2344MiB
iter  23000 | loss 1.3698 | lr 1.38e-04 | grad_norm 0.547 | tok/s 9,861 | data_time_frac 3.0% | peak_vram 2344MiB
  eval @ iter 23000: train 1.3830  val 1.4265
iter  23025 | loss 1.4043 | lr 1.38e-04 | grad_norm 0.530 | tok/s 9,866 | data_time_frac 3.0% | peak_vram 2344MiB
iter  23050 | loss 1.3435 | lr 1.37e-04 | grad_norm 0.530 | tok/s 9,872 | data_time_frac 3.0% | peak_vram 2344MiB
iter  23075 | loss 1.4035 | lr 1.37e-04 | grad_norm 0.546 | tok/s 9,879 | data_time_frac 3.0% | peak_vram 2344MiB
iter  23100 | loss 1.3951 | lr 1.37e-04 | grad_norm 0.545 | tok/s 9,885 | data_time_frac 3.0% | peak_vram 2344MiB
iter  23125 | loss 1.3554 | lr 1.37e-04 | grad_norm 0.524 | tok/s 9,891 | data_time_frac 3.0% | peak_vram 2344MiB
iter  23150 | loss 1.4310 | lr 1.36e-04 | grad_norm 0.539 | tok/s 9,897 | data_time_frac 3.1% | peak_vram 2344MiB
iter  23175 | loss 1.3711 | lr 1.36e-04 | grad_norm 0.545 | tok/s 9,903 | data_time_frac 3.1% | peak_vram 2344MiB
iter  23200 | loss 1.3327 | lr 1.36e-04 | grad_norm 0.539 | tok/s 9,909 | data_time_frac 3.1% | peak_vram 2344MiB
iter  23225 | loss 1.3681 | lr 1.36e-04 | grad_norm 0.530 | tok/s 9,916 | data_time_frac 3.1% | peak_vram 2344MiB
iter  23250 | loss 1.3319 | lr 1.35e-04 | grad_norm 0.513 | tok/s 9,922 | data_time_frac 3.1% | peak_vram 2344MiB
iter  23275 | loss 1.3190 | lr 1.35e-04 | grad_norm 0.528 | tok/s 9,928 | data_time_frac 3.1% | peak_vram 2344MiB
iter  23300 | loss 1.4365 | lr 1.35e-04 | grad_norm 0.537 | tok/s 9,935 | data_time_frac 3.1% | peak_vram 2344MiB
iter  23325 | loss 1.3416 | lr 1.35e-04 | grad_norm 0.528 | tok/s 9,941 | data_time_frac 3.1% | peak_vram 2344MiB
iter  23350 | loss 1.3837 | lr 1.34e-04 | grad_norm 0.535 | tok/s 9,947 | data_time_frac 3.1% | peak_vram 2344MiB
iter  23375 | loss 1.3695 | lr 1.34e-04 | grad_norm 0.525 | tok/s 9,953 | data_time_frac 3.1% | peak_vram 2344MiB
iter  23400 | loss 1.4213 | lr 1.34e-04 | grad_norm 0.555 | tok/s 9,960 | data_time_frac 3.1% | peak_vram 2344MiB
iter  23425 | loss 1.4283 | lr 1.33e-04 | grad_norm 0.553 | tok/s 9,966 | data_time_frac 3.1% | peak_vram 2344MiB
iter  23450 | loss 1.3606 | lr 1.33e-04 | grad_norm 0.540 | tok/s 9,972 | data_time_frac 3.1% | peak_vram 2344MiB
iter  23475 | loss 1.3750 | lr 1.33e-04 | grad_norm 0.547 | tok/s 9,978 | data_time_frac 3.1% | peak_vram 2344MiB
iter  23500 | loss 1.3787 | lr 1.33e-04 | grad_norm 0.557 | tok/s 9,984 | data_time_frac 3.1% | peak_vram 2344MiB
  eval @ iter 23500: train 1.3406  val 1.4042
iter  23525 | loss 1.3621 | lr 1.32e-04 | grad_norm 0.539 | tok/s 9,990 | data_time_frac 3.1% | peak_vram 2344MiB
iter  23550 | loss 1.4760 | lr 1.32e-04 | grad_norm 0.549 | tok/s 9,996 | data_time_frac 3.1% | peak_vram 2344MiB
iter  23575 | loss 1.3050 | lr 1.32e-04 | grad_norm 0.530 | tok/s 10,002 | data_time_frac 3.1% | peak_vram 2344MiB
iter  23600 | loss 1.3136 | lr 1.32e-04 | grad_norm 0.531 | tok/s 10,008 | data_time_frac 3.1% | peak_vram 2344MiB
iter  23625 | loss 1.3344 | lr 1.31e-04 | grad_norm 0.545 | tok/s 10,015 | data_time_frac 3.1% | peak_vram 2344MiB
iter  23650 | loss 1.3972 | lr 1.31e-04 | grad_norm 0.532 | tok/s 10,021 | data_time_frac 3.1% | peak_vram 2344MiB
iter  23675 | loss 1.3732 | lr 1.31e-04 | grad_norm 0.526 | tok/s 10,027 | data_time_frac 3.1% | peak_vram 2344MiB
iter  23700 | loss 1.4048 | lr 1.31e-04 | grad_norm 0.550 | tok/s 10,033 | data_time_frac 3.1% | peak_vram 2344MiB
iter  23725 | loss 1.3772 | lr 1.30e-04 | grad_norm 0.529 | tok/s 10,039 | data_time_frac 3.1% | peak_vram 2344MiB
iter  23750 | loss 1.3123 | lr 1.30e-04 | grad_norm 0.527 | tok/s 10,045 | data_time_frac 3.1% | peak_vram 2344MiB
iter  23775 | loss 1.2887 | lr 1.30e-04 | grad_norm 0.542 | tok/s 10,052 | data_time_frac 3.1% | peak_vram 2344MiB
iter  23800 | loss 1.2858 | lr 1.30e-04 | grad_norm 0.543 | tok/s 10,058 | data_time_frac 3.1% | peak_vram 2344MiB
iter  23825 | loss 1.3432 | lr 1.29e-04 | grad_norm 0.547 | tok/s 10,064 | data_time_frac 3.1% | peak_vram 2344MiB
iter  23850 | loss 1.3687 | lr 1.29e-04 | grad_norm 0.538 | tok/s 10,070 | data_time_frac 3.1% | peak_vram 2344MiB
iter  23875 | loss 1.4063 | lr 1.29e-04 | grad_norm 0.547 | tok/s 10,076 | data_time_frac 3.1% | peak_vram 2344MiB
iter  23900 | loss 1.3429 | lr 1.28e-04 | grad_norm 0.529 | tok/s 10,082 | data_time_frac 3.1% | peak_vram 2344MiB
iter  23925 | loss 1.3693 | lr 1.28e-04 | grad_norm 0.561 | tok/s 10,089 | data_time_frac 3.1% | peak_vram 2344MiB
iter  23950 | loss 1.3556 | lr 1.28e-04 | grad_norm 0.534 | tok/s 10,095 | data_time_frac 3.1% | peak_vram 2344MiB
iter  23975 | loss 1.3799 | lr 1.28e-04 | grad_norm 0.534 | tok/s 10,101 | data_time_frac 3.1% | peak_vram 2344MiB
iter  24000 | loss 1.4012 | lr 1.27e-04 | grad_norm 0.541 | tok/s 10,107 | data_time_frac 3.1% | peak_vram 2344MiB
  eval @ iter 24000: train 1.3760  val 1.4526
iter  24025 | loss 1.3007 | lr 1.27e-04 | grad_norm 0.532 | tok/s 10,112 | data_time_frac 3.1% | peak_vram 2344MiB
iter  24050 | loss 1.3330 | lr 1.27e-04 | grad_norm 0.536 | tok/s 10,118 | data_time_frac 3.1% | peak_vram 2344MiB
iter  24075 | loss 1.3796 | lr 1.27e-04 | grad_norm 0.551 | tok/s 10,124 | data_time_frac 3.1% | peak_vram 2344MiB
iter  24100 | loss 1.3458 | lr 1.26e-04 | grad_norm 0.548 | tok/s 10,130 | data_time_frac 3.1% | peak_vram 2344MiB
iter  24125 | loss 1.3634 | lr 1.26e-04 | grad_norm 0.541 | tok/s 10,136 | data_time_frac 3.1% | peak_vram 2344MiB
iter  24150 | loss 1.3446 | lr 1.26e-04 | grad_norm 0.523 | tok/s 10,141 | data_time_frac 3.1% | peak_vram 2344MiB
iter  24175 | loss 1.4144 | lr 1.26e-04 | grad_norm 0.549 | tok/s 10,147 | data_time_frac 3.1% | peak_vram 2344MiB
iter  24200 | loss 1.3841 | lr 1.25e-04 | grad_norm 0.542 | tok/s 10,153 | data_time_frac 3.1% | peak_vram 2344MiB
iter  24225 | loss 1.3879 | lr 1.25e-04 | grad_norm 0.543 | tok/s 10,159 | data_time_frac 3.0% | peak_vram 2344MiB
iter  24250 | loss 1.3436 | lr 1.25e-04 | grad_norm 0.533 | tok/s 10,165 | data_time_frac 3.0% | peak_vram 2344MiB
iter  24275 | loss 1.4090 | lr 1.25e-04 | grad_norm 0.564 | tok/s 10,171 | data_time_frac 3.0% | peak_vram 2344MiB
iter  24300 | loss 1.3857 | lr 1.24e-04 | grad_norm 0.534 | tok/s 10,177 | data_time_frac 3.0% | peak_vram 2344MiB
iter  24325 | loss 1.3990 | lr 1.24e-04 | grad_norm 0.532 | tok/s 10,183 | data_time_frac 3.0% | peak_vram 2344MiB
iter  24350 | loss 1.4122 | lr 1.24e-04 | grad_norm 0.549 | tok/s 10,189 | data_time_frac 3.0% | peak_vram 2344MiB
iter  24375 | loss 1.2593 | lr 1.24e-04 | grad_norm 0.541 | tok/s 10,195 | data_time_frac 3.0% | peak_vram 2344MiB
iter  24400 | loss 1.3898 | lr 1.23e-04 | grad_norm 0.559 | tok/s 10,201 | data_time_frac 3.0% | peak_vram 2344MiB
iter  24425 | loss 1.3372 | lr 1.23e-04 | grad_norm 0.532 | tok/s 10,207 | data_time_frac 3.0% | peak_vram 2344MiB
iter  24450 | loss 1.3903 | lr 1.23e-04 | grad_norm 0.527 | tok/s 10,212 | data_time_frac 3.0% | peak_vram 2344MiB
iter  24475 | loss 1.4207 | lr 1.23e-04 | grad_norm 0.562 | tok/s 10,218 | data_time_frac 3.0% | peak_vram 2344MiB
iter  24500 | loss 1.3692 | lr 1.22e-04 | grad_norm 0.555 | tok/s 10,224 | data_time_frac 3.0% | peak_vram 2344MiB
  eval @ iter 24500: train 1.3613  val 1.4185
iter  24525 | loss 1.3882 | lr 1.22e-04 | grad_norm 0.544 | tok/s 10,228 | data_time_frac 3.0% | peak_vram 2344MiB
iter  24550 | loss 1.4070 | lr 1.22e-04 | grad_norm 0.558 | tok/s 10,234 | data_time_frac 3.0% | peak_vram 2344MiB
iter  24575 | loss 1.3871 | lr 1.21e-04 | grad_norm 0.543 | tok/s 10,240 | data_time_frac 3.0% | peak_vram 2344MiB
iter  24600 | loss 1.3533 | lr 1.21e-04 | grad_norm 0.546 | tok/s 10,245 | data_time_frac 3.0% | peak_vram 2344MiB
iter  24625 | loss 1.3839 | lr 1.21e-04 | grad_norm 0.563 | tok/s 10,251 | data_time_frac 3.0% | peak_vram 2344MiB
iter  24650 | loss 1.3754 | lr 1.21e-04 | grad_norm 0.572 | tok/s 10,257 | data_time_frac 3.0% | peak_vram 2344MiB
iter  24675 | loss 1.3241 | lr 1.20e-04 | grad_norm 0.539 | tok/s 10,262 | data_time_frac 3.0% | peak_vram 2344MiB
iter  24700 | loss 1.3283 | lr 1.20e-04 | grad_norm 0.536 | tok/s 10,268 | data_time_frac 3.0% | peak_vram 2344MiB
iter  24725 | loss 1.3576 | lr 1.20e-04 | grad_norm 0.537 | tok/s 10,274 | data_time_frac 3.0% | peak_vram 2344MiB
iter  24750 | loss 1.4253 | lr 1.20e-04 | grad_norm 0.587 | tok/s 10,279 | data_time_frac 3.0% | peak_vram 2344MiB
iter  24775 | loss 1.4044 | lr 1.19e-04 | grad_norm 0.556 | tok/s 10,285 | data_time_frac 3.0% | peak_vram 2344MiB
iter  24800 | loss 1.3634 | lr 1.19e-04 | grad_norm 0.542 | tok/s 10,290 | data_time_frac 3.0% | peak_vram 2344MiB
iter  24825 | loss 1.3800 | lr 1.19e-04 | grad_norm 0.530 | tok/s 10,296 | data_time_frac 3.0% | peak_vram 2344MiB
iter  24850 | loss 1.3880 | lr 1.19e-04 | grad_norm 0.550 | tok/s 10,302 | data_time_frac 3.0% | peak_vram 2344MiB
iter  24875 | loss 1.3122 | lr 1.18e-04 | grad_norm 0.545 | tok/s 10,307 | data_time_frac 3.0% | peak_vram 2344MiB
iter  24900 | loss 1.3976 | lr 1.18e-04 | grad_norm 0.545 | tok/s 10,312 | data_time_frac 3.0% | peak_vram 2344MiB
iter  24925 | loss 1.3487 | lr 1.18e-04 | grad_norm 0.538 | tok/s 10,318 | data_time_frac 3.0% | peak_vram 2344MiB
iter  24950 | loss 1.3553 | lr 1.18e-04 | grad_norm 0.536 | tok/s 10,323 | data_time_frac 3.0% | peak_vram 2344MiB
iter  24975 | loss 1.4009 | lr 1.17e-04 | grad_norm 0.559 | tok/s 10,329 | data_time_frac 3.0% | peak_vram 2344MiB
iter  25000 | loss 1.3388 | lr 1.17e-04 | grad_norm 0.550 | tok/s 10,335 | data_time_frac 3.0% | peak_vram 2344MiB
  eval @ iter 25000: train 1.3496  val 1.4231
iter  25025 | loss 1.3628 | lr 1.17e-04 | grad_norm 0.539 | tok/s 10,340 | data_time_frac 3.0% | peak_vram 2344MiB
iter  25050 | loss 1.2868 | lr 1.17e-04 | grad_norm 0.547 | tok/s 10,346 | data_time_frac 3.0% | peak_vram 2344MiB
iter  25075 | loss 1.3447 | lr 1.16e-04 | grad_norm 0.531 | tok/s 10,352 | data_time_frac 3.0% | peak_vram 2344MiB
iter  25100 | loss 1.4488 | lr 1.16e-04 | grad_norm 0.541 | tok/s 10,358 | data_time_frac 3.0% | peak_vram 2344MiB
iter  25125 | loss 1.3524 | lr 1.16e-04 | grad_norm 0.551 | tok/s 10,364 | data_time_frac 3.0% | peak_vram 2344MiB
iter  25150 | loss 1.4088 | lr 1.16e-04 | grad_norm 0.550 | tok/s 10,370 | data_time_frac 3.0% | peak_vram 2344MiB
iter  25175 | loss 1.3240 | lr 1.15e-04 | grad_norm 0.545 | tok/s 10,376 | data_time_frac 3.0% | peak_vram 2344MiB
iter  25200 | loss 1.2629 | lr 1.15e-04 | grad_norm 0.538 | tok/s 10,382 | data_time_frac 3.0% | peak_vram 2344MiB
iter  25225 | loss 1.2580 | lr 1.15e-04 | grad_norm 0.532 | tok/s 10,388 | data_time_frac 3.0% | peak_vram 2344MiB
iter  25250 | loss 1.4142 | lr 1.15e-04 | grad_norm 0.553 | tok/s 10,395 | data_time_frac 3.0% | peak_vram 2344MiB
iter  25275 | loss 1.3484 | lr 1.14e-04 | grad_norm 0.555 | tok/s 10,400 | data_time_frac 3.0% | peak_vram 2344MiB
iter  25300 | loss 1.3346 | lr 1.14e-04 | grad_norm 0.535 | tok/s 10,406 | data_time_frac 3.0% | peak_vram 2344MiB
iter  25325 | loss 1.3302 | lr 1.14e-04 | grad_norm 0.535 | tok/s 10,412 | data_time_frac 3.0% | peak_vram 2344MiB
iter  25350 | loss 1.3811 | lr 1.14e-04 | grad_norm 0.550 | tok/s 10,418 | data_time_frac 3.0% | peak_vram 2344MiB
iter  25375 | loss 1.3311 | lr 1.13e-04 | grad_norm 0.528 | tok/s 10,424 | data_time_frac 3.0% | peak_vram 2344MiB
iter  25400 | loss 1.3423 | lr 1.13e-04 | grad_norm 0.529 | tok/s 10,430 | data_time_frac 3.0% | peak_vram 2344MiB
iter  25425 | loss 1.3972 | lr 1.13e-04 | grad_norm 0.535 | tok/s 10,435 | data_time_frac 3.0% | peak_vram 2344MiB
iter  25450 | loss 1.3550 | lr 1.13e-04 | grad_norm 0.575 | tok/s 10,441 | data_time_frac 3.0% | peak_vram 2344MiB
iter  25475 | loss 1.3502 | lr 1.12e-04 | grad_norm 0.554 | tok/s 10,446 | data_time_frac 3.0% | peak_vram 2344MiB
iter  25500 | loss 1.3869 | lr 1.12e-04 | grad_norm 0.540 | tok/s 10,452 | data_time_frac 3.0% | peak_vram 2344MiB
  eval @ iter 25500: train 1.3431  val 1.3962
  new best val_loss 1.3962 — saved checkpoints\001_baseline\best.pt
iter  25525 | loss 1.3887 | lr 1.12e-04 | grad_norm 0.552 | tok/s 10,457 | data_time_frac 3.0% | peak_vram 2344MiB
iter  25550 | loss 1.3884 | lr 1.12e-04 | grad_norm 0.552 | tok/s 10,462 | data_time_frac 3.0% | peak_vram 2344MiB
iter  25575 | loss 1.2747 | lr 1.11e-04 | grad_norm 0.531 | tok/s 10,468 | data_time_frac 3.0% | peak_vram 2344MiB
iter  25600 | loss 1.3875 | lr 1.11e-04 | grad_norm 0.541 | tok/s 10,474 | data_time_frac 3.0% | peak_vram 2344MiB
iter  25625 | loss 1.3852 | lr 1.11e-04 | grad_norm 0.583 | tok/s 10,479 | data_time_frac 3.0% | peak_vram 2344MiB
iter  25650 | loss 1.2673 | lr 1.11e-04 | grad_norm 0.537 | tok/s 10,485 | data_time_frac 3.0% | peak_vram 2344MiB
iter  25675 | loss 1.3382 | lr 1.10e-04 | grad_norm 0.530 | tok/s 10,490 | data_time_frac 3.0% | peak_vram 2344MiB
iter  25700 | loss 1.2988 | lr 1.10e-04 | grad_norm 0.547 | tok/s 10,496 | data_time_frac 3.0% | peak_vram 2344MiB
iter  25725 | loss 1.4331 | lr 1.10e-04 | grad_norm 0.552 | tok/s 10,501 | data_time_frac 3.0% | peak_vram 2344MiB
iter  25750 | loss 1.3588 | lr 1.10e-04 | grad_norm 0.551 | tok/s 10,506 | data_time_frac 3.0% | peak_vram 2344MiB
iter  25775 | loss 1.3634 | lr 1.09e-04 | grad_norm 0.551 | tok/s 10,512 | data_time_frac 3.0% | peak_vram 2344MiB
iter  25800 | loss 1.3240 | lr 1.09e-04 | grad_norm 0.541 | tok/s 10,517 | data_time_frac 3.0% | peak_vram 2344MiB
iter  25825 | loss 1.2969 | lr 1.09e-04 | grad_norm 0.542 | tok/s 10,523 | data_time_frac 3.0% | peak_vram 2344MiB
iter  25850 | loss 1.3231 | lr 1.09e-04 | grad_norm 0.562 | tok/s 10,528 | data_time_frac 3.0% | peak_vram 2344MiB
iter  25875 | loss 1.2951 | lr 1.08e-04 | grad_norm 0.526 | tok/s 10,533 | data_time_frac 3.0% | peak_vram 2344MiB
iter  25900 | loss 1.3266 | lr 1.08e-04 | grad_norm 0.561 | tok/s 10,539 | data_time_frac 3.0% | peak_vram 2344MiB
iter  25925 | loss 1.2778 | lr 1.08e-04 | grad_norm 0.565 | tok/s 10,544 | data_time_frac 3.0% | peak_vram 2344MiB
iter  25950 | loss 1.3613 | lr 1.08e-04 | grad_norm 0.547 | tok/s 10,549 | data_time_frac 3.0% | peak_vram 2344MiB
iter  25975 | loss 1.3997 | lr 1.07e-04 | grad_norm 0.569 | tok/s 10,555 | data_time_frac 3.0% | peak_vram 2344MiB
iter  26000 | loss 1.2349 | lr 1.07e-04 | grad_norm 0.540 | tok/s 10,560 | data_time_frac 3.0% | peak_vram 2344MiB
  eval @ iter 26000: train 1.3642  val 1.4109
iter  26025 | loss 1.3570 | lr 1.07e-04 | grad_norm 0.540 | tok/s 10,564 | data_time_frac 3.0% | peak_vram 2344MiB
iter  26050 | loss 1.3632 | lr 1.07e-04 | grad_norm 0.555 | tok/s 10,569 | data_time_frac 3.0% | peak_vram 2344MiB
iter  26075 | loss 1.3036 | lr 1.06e-04 | grad_norm 0.540 | tok/s 10,574 | data_time_frac 3.0% | peak_vram 2344MiB
iter  26100 | loss 1.3871 | lr 1.06e-04 | grad_norm 0.565 | tok/s 10,580 | data_time_frac 3.0% | peak_vram 2344MiB
iter  26125 | loss 1.3218 | lr 1.06e-04 | grad_norm 0.557 | tok/s 10,585 | data_time_frac 3.0% | peak_vram 2344MiB
iter  26150 | loss 1.3427 | lr 1.06e-04 | grad_norm 0.554 | tok/s 10,590 | data_time_frac 3.0% | peak_vram 2344MiB
iter  26175 | loss 1.3315 | lr 1.05e-04 | grad_norm 0.545 | tok/s 10,595 | data_time_frac 3.0% | peak_vram 2344MiB
iter  26200 | loss 1.3132 | lr 1.05e-04 | grad_norm 0.541 | tok/s 10,600 | data_time_frac 3.0% | peak_vram 2344MiB
iter  26225 | loss 1.3711 | lr 1.05e-04 | grad_norm 0.557 | tok/s 10,605 | data_time_frac 3.0% | peak_vram 2344MiB
iter  26250 | loss 1.3641 | lr 1.05e-04 | grad_norm 0.548 | tok/s 10,611 | data_time_frac 3.0% | peak_vram 2344MiB
iter  26275 | loss 1.3078 | lr 1.04e-04 | grad_norm 0.550 | tok/s 10,616 | data_time_frac 3.0% | peak_vram 2344MiB
iter  26300 | loss 1.3524 | lr 1.04e-04 | grad_norm 0.538 | tok/s 10,622 | data_time_frac 3.0% | peak_vram 2344MiB
iter  26325 | loss 1.3015 | lr 1.04e-04 | grad_norm 0.550 | tok/s 10,628 | data_time_frac 3.0% | peak_vram 2344MiB
iter  26350 | loss 1.3697 | lr 1.04e-04 | grad_norm 0.549 | tok/s 10,633 | data_time_frac 3.0% | peak_vram 2344MiB
iter  26375 | loss 1.3381 | lr 1.03e-04 | grad_norm 0.549 | tok/s 10,639 | data_time_frac 3.0% | peak_vram 2344MiB
iter  26400 | loss 1.2847 | lr 1.03e-04 | grad_norm 0.546 | tok/s 10,645 | data_time_frac 3.0% | peak_vram 2344MiB
iter  26425 | loss 1.2379 | lr 1.03e-04 | grad_norm 0.562 | tok/s 10,651 | data_time_frac 3.0% | peak_vram 2344MiB
iter  26450 | loss 1.2955 | lr 1.03e-04 | grad_norm 0.547 | tok/s 10,656 | data_time_frac 3.0% | peak_vram 2344MiB
iter  26475 | loss 1.3755 | lr 1.03e-04 | grad_norm 0.576 | tok/s 10,662 | data_time_frac 3.0% | peak_vram 2344MiB
iter  26500 | loss 1.3708 | lr 1.02e-04 | grad_norm 0.550 | tok/s 10,667 | data_time_frac 3.0% | peak_vram 2344MiB
  eval @ iter 26500: train 1.3569  val 1.4006
iter  26525 | loss 1.2650 | lr 1.02e-04 | grad_norm 0.554 | tok/s 10,672 | data_time_frac 3.0% | peak_vram 2344MiB
iter  26550 | loss 1.2919 | lr 1.02e-04 | grad_norm 0.546 | tok/s 10,678 | data_time_frac 3.0% | peak_vram 2344MiB
iter  26575 | loss 1.3433 | lr 1.02e-04 | grad_norm 0.554 | tok/s 10,683 | data_time_frac 3.0% | peak_vram 2344MiB
iter  26600 | loss 1.3705 | lr 1.01e-04 | grad_norm 0.562 | tok/s 10,689 | data_time_frac 3.0% | peak_vram 2344MiB
iter  26625 | loss 1.3517 | lr 1.01e-04 | grad_norm 0.571 | tok/s 10,695 | data_time_frac 3.0% | peak_vram 2344MiB
iter  26650 | loss 1.3161 | lr 1.01e-04 | grad_norm 0.556 | tok/s 10,701 | data_time_frac 3.0% | peak_vram 2344MiB
iter  26675 | loss 1.3820 | lr 1.01e-04 | grad_norm 0.559 | tok/s 10,706 | data_time_frac 3.0% | peak_vram 2344MiB
iter  26700 | loss 1.2792 | lr 1.00e-04 | grad_norm 0.558 | tok/s 10,712 | data_time_frac 3.0% | peak_vram 2344MiB
iter  26725 | loss 1.3602 | lr 1.00e-04 | grad_norm 0.560 | tok/s 10,717 | data_time_frac 3.0% | peak_vram 2344MiB
iter  26750 | loss 1.3113 | lr 9.99e-05 | grad_norm 0.542 | tok/s 10,723 | data_time_frac 3.0% | peak_vram 2344MiB
iter  26775 | loss 1.4179 | lr 9.96e-05 | grad_norm 0.562 | tok/s 10,729 | data_time_frac 3.0% | peak_vram 2344MiB
iter  26800 | loss 1.3778 | lr 9.94e-05 | grad_norm 0.542 | tok/s 10,734 | data_time_frac 3.0% | peak_vram 2344MiB
iter  26825 | loss 1.3747 | lr 9.92e-05 | grad_norm 0.557 | tok/s 10,740 | data_time_frac 3.0% | peak_vram 2344MiB
iter  26850 | loss 1.3473 | lr 9.89e-05 | grad_norm 0.542 | tok/s 10,746 | data_time_frac 3.0% | peak_vram 2344MiB
iter  26875 | loss 1.2459 | lr 9.87e-05 | grad_norm 0.552 | tok/s 10,751 | data_time_frac 3.0% | peak_vram 2344MiB
iter  26900 | loss 1.3063 | lr 9.84e-05 | grad_norm 0.554 | tok/s 10,757 | data_time_frac 3.0% | peak_vram 2344MiB
iter  26925 | loss 1.2988 | lr 9.82e-05 | grad_norm 0.542 | tok/s 10,762 | data_time_frac 3.0% | peak_vram 2344MiB
iter  26950 | loss 1.3504 | lr 9.80e-05 | grad_norm 0.556 | tok/s 10,768 | data_time_frac 3.0% | peak_vram 2344MiB
iter  26975 | loss 1.3948 | lr 9.77e-05 | grad_norm 0.547 | tok/s 10,773 | data_time_frac 3.0% | peak_vram 2344MiB
iter  27000 | loss 1.3088 | lr 9.75e-05 | grad_norm 0.547 | tok/s 10,779 | data_time_frac 3.0% | peak_vram 2344MiB
  eval @ iter 27000: train 1.3347  val 1.4214
iter  27025 | loss 1.3134 | lr 9.73e-05 | grad_norm 0.549 | tok/s 10,784 | data_time_frac 3.0% | peak_vram 2344MiB
iter  27050 | loss 1.3879 | lr 9.70e-05 | grad_norm 0.557 | tok/s 10,789 | data_time_frac 3.0% | peak_vram 2344MiB
iter  27075 | loss 1.3405 | lr 9.68e-05 | grad_norm 0.551 | tok/s 10,795 | data_time_frac 3.0% | peak_vram 2344MiB
iter  27100 | loss 1.2587 | lr 9.66e-05 | grad_norm 0.556 | tok/s 10,800 | data_time_frac 3.0% | peak_vram 2344MiB
iter  27125 | loss 1.4001 | lr 9.63e-05 | grad_norm 0.579 | tok/s 10,806 | data_time_frac 3.0% | peak_vram 2344MiB
iter  27150 | loss 1.3500 | lr 9.61e-05 | grad_norm 0.556 | tok/s 10,812 | data_time_frac 3.0% | peak_vram 2344MiB
iter  27175 | loss 1.3606 | lr 9.59e-05 | grad_norm 0.554 | tok/s 10,817 | data_time_frac 3.0% | peak_vram 2344MiB
iter  27200 | loss 1.3311 | lr 9.56e-05 | grad_norm 0.555 | tok/s 10,823 | data_time_frac 3.0% | peak_vram 2344MiB
iter  27225 | loss 1.3849 | lr 9.54e-05 | grad_norm 0.551 | tok/s 10,828 | data_time_frac 3.0% | peak_vram 2344MiB
iter  27250 | loss 1.2555 | lr 9.52e-05 | grad_norm 0.549 | tok/s 10,834 | data_time_frac 3.0% | peak_vram 2344MiB
iter  27275 | loss 1.3434 | lr 9.49e-05 | grad_norm 0.555 | tok/s 10,839 | data_time_frac 3.0% | peak_vram 2344MiB
iter  27300 | loss 1.4078 | lr 9.47e-05 | grad_norm 0.581 | tok/s 10,845 | data_time_frac 3.0% | peak_vram 2344MiB
iter  27325 | loss 1.2867 | lr 9.45e-05 | grad_norm 0.549 | tok/s 10,850 | data_time_frac 3.0% | peak_vram 2344MiB
iter  27350 | loss 1.2983 | lr 9.42e-05 | grad_norm 0.555 | tok/s 10,856 | data_time_frac 3.0% | peak_vram 2344MiB
iter  27375 | loss 1.2983 | lr 9.40e-05 | grad_norm 0.555 | tok/s 10,861 | data_time_frac 3.0% | peak_vram 2344MiB
iter  27400 | loss 1.2702 | lr 9.38e-05 | grad_norm 0.529 | tok/s 10,867 | data_time_frac 3.0% | peak_vram 2344MiB
iter  27425 | loss 1.3594 | lr 9.35e-05 | grad_norm 0.561 | tok/s 10,872 | data_time_frac 3.0% | peak_vram 2344MiB
iter  27450 | loss 1.3865 | lr 9.33e-05 | grad_norm 0.588 | tok/s 10,877 | data_time_frac 3.0% | peak_vram 2344MiB
iter  27475 | loss 1.3281 | lr 9.31e-05 | grad_norm 0.550 | tok/s 10,883 | data_time_frac 3.0% | peak_vram 2344MiB
iter  27500 | loss 1.3401 | lr 9.28e-05 | grad_norm 0.541 | tok/s 10,888 | data_time_frac 3.0% | peak_vram 2344MiB
  eval @ iter 27500: train 1.3214  val 1.3907
  new best val_loss 1.3907 — saved checkpoints\001_baseline\best.pt
iter  27525 | loss 1.3935 | lr 9.26e-05 | grad_norm 0.550 | tok/s 10,892 | data_time_frac 3.0% | peak_vram 2344MiB
iter  27550 | loss 1.3770 | lr 9.24e-05 | grad_norm 0.548 | tok/s 10,896 | data_time_frac 3.0% | peak_vram 2344MiB
iter  27575 | loss 1.2638 | lr 9.22e-05 | grad_norm 0.570 | tok/s 10,901 | data_time_frac 3.0% | peak_vram 2344MiB
iter  27600 | loss 1.3047 | lr 9.19e-05 | grad_norm 0.560 | tok/s 10,906 | data_time_frac 3.0% | peak_vram 2344MiB
iter  27625 | loss 1.2783 | lr 9.17e-05 | grad_norm 0.561 | tok/s 10,911 | data_time_frac 3.0% | peak_vram 2344MiB
iter  27650 | loss 1.3798 | lr 9.15e-05 | grad_norm 0.564 | tok/s 10,917 | data_time_frac 3.0% | peak_vram 2344MiB
iter  27675 | loss 1.3490 | lr 9.12e-05 | grad_norm 0.559 | tok/s 10,922 | data_time_frac 3.0% | peak_vram 2344MiB
iter  27700 | loss 1.3351 | lr 9.10e-05 | grad_norm 0.550 | tok/s 10,928 | data_time_frac 3.0% | peak_vram 2344MiB
iter  27725 | loss 1.3664 | lr 9.08e-05 | grad_norm 0.554 | tok/s 10,933 | data_time_frac 3.0% | peak_vram 2344MiB
iter  27750 | loss 1.3773 | lr 9.06e-05 | grad_norm 0.567 | tok/s 10,938 | data_time_frac 3.0% | peak_vram 2344MiB
iter  27775 | loss 1.3280 | lr 9.03e-05 | grad_norm 0.573 | tok/s 10,943 | data_time_frac 3.0% | peak_vram 2344MiB
iter  27800 | loss 1.3235 | lr 9.01e-05 | grad_norm 0.541 | tok/s 10,948 | data_time_frac 3.0% | peak_vram 2344MiB
iter  27825 | loss 1.3674 | lr 8.99e-05 | grad_norm 0.566 | tok/s 10,953 | data_time_frac 3.0% | peak_vram 2344MiB
iter  27850 | loss 1.2978 | lr 8.97e-05 | grad_norm 0.570 | tok/s 10,957 | data_time_frac 3.0% | peak_vram 2344MiB
iter  27875 | loss 1.3439 | lr 8.94e-05 | grad_norm 0.567 | tok/s 10,962 | data_time_frac 3.0% | peak_vram 2344MiB
iter  27900 | loss 1.2904 | lr 8.92e-05 | grad_norm 0.555 | tok/s 10,968 | data_time_frac 3.0% | peak_vram 2344MiB
iter  27925 | loss 1.2886 | lr 8.90e-05 | grad_norm 0.550 | tok/s 10,973 | data_time_frac 3.0% | peak_vram 2344MiB
iter  27950 | loss 1.3576 | lr 8.88e-05 | grad_norm 0.530 | tok/s 10,978 | data_time_frac 3.0% | peak_vram 2344MiB
iter  27975 | loss 1.3430 | lr 8.85e-05 | grad_norm 0.561 | tok/s 10,983 | data_time_frac 3.0% | peak_vram 2344MiB
iter  28000 | loss 1.3366 | lr 8.83e-05 | grad_norm 0.568 | tok/s 10,988 | data_time_frac 3.0% | peak_vram 2344MiB
  eval @ iter 28000: train 1.3568  val 1.3917
iter  28025 | loss 1.3562 | lr 8.81e-05 | grad_norm 0.547 | tok/s 10,992 | data_time_frac 3.0% | peak_vram 2344MiB
iter  28050 | loss 1.3457 | lr 8.79e-05 | grad_norm 0.566 | tok/s 10,996 | data_time_frac 3.0% | peak_vram 2344MiB
iter  28075 | loss 1.3939 | lr 8.76e-05 | grad_norm 0.579 | tok/s 11,001 | data_time_frac 3.0% | peak_vram 2344MiB
iter  28100 | loss 1.3988 | lr 8.74e-05 | grad_norm 0.562 | tok/s 11,006 | data_time_frac 3.0% | peak_vram 2344MiB
iter  28125 | loss 1.2876 | lr 8.72e-05 | grad_norm 0.578 | tok/s 11,011 | data_time_frac 3.0% | peak_vram 2344MiB
iter  28150 | loss 1.3235 | lr 8.70e-05 | grad_norm 0.571 | tok/s 11,016 | data_time_frac 3.0% | peak_vram 2344MiB
iter  28175 | loss 1.3448 | lr 8.68e-05 | grad_norm 0.563 | tok/s 11,021 | data_time_frac 3.0% | peak_vram 2344MiB
iter  28200 | loss 1.3232 | lr 8.65e-05 | grad_norm 0.560 | tok/s 11,027 | data_time_frac 3.0% | peak_vram 2344MiB
iter  28225 | loss 1.3585 | lr 8.63e-05 | grad_norm 0.560 | tok/s 11,032 | data_time_frac 3.0% | peak_vram 2344MiB
iter  28250 | loss 1.2669 | lr 8.61e-05 | grad_norm 0.570 | tok/s 11,037 | data_time_frac 3.0% | peak_vram 2344MiB
iter  28275 | loss 1.3428 | lr 8.59e-05 | grad_norm 0.555 | tok/s 11,041 | data_time_frac 3.0% | peak_vram 2344MiB
iter  28300 | loss 1.2809 | lr 8.56e-05 | grad_norm 0.562 | tok/s 11,044 | data_time_frac 3.0% | peak_vram 2344MiB
iter  28325 | loss 1.2860 | lr 8.54e-05 | grad_norm 0.558 | tok/s 11,047 | data_time_frac 3.0% | peak_vram 2344MiB
iter  28350 | loss 1.2987 | lr 8.52e-05 | grad_norm 0.564 | tok/s 11,050 | data_time_frac 3.0% | peak_vram 2344MiB
iter  28375 | loss 1.2956 | lr 8.50e-05 | grad_norm 0.558 | tok/s 11,053 | data_time_frac 3.0% | peak_vram 2344MiB
iter  28400 | loss 1.3202 | lr 8.48e-05 | grad_norm 0.563 | tok/s 11,056 | data_time_frac 3.0% | peak_vram 2344MiB
iter  28425 | loss 1.3530 | lr 8.46e-05 | grad_norm 0.556 | tok/s 11,060 | data_time_frac 3.0% | peak_vram 2344MiB
iter  28450 | loss 1.3246 | lr 8.43e-05 | grad_norm 0.562 | tok/s 11,065 | data_time_frac 3.0% | peak_vram 2344MiB
iter  28475 | loss 1.3811 | lr 8.41e-05 | grad_norm 0.586 | tok/s 11,070 | data_time_frac 3.0% | peak_vram 2344MiB
iter  28500 | loss 1.3562 | lr 8.39e-05 | grad_norm 0.579 | tok/s 11,076 | data_time_frac 3.0% | peak_vram 2344MiB
  eval @ iter 28500: train 1.3180  val 1.3966
iter  28525 | loss 1.2836 | lr 8.37e-05 | grad_norm 0.555 | tok/s 11,081 | data_time_frac 3.0% | peak_vram 2344MiB
iter  28550 | loss 1.2971 | lr 8.35e-05 | grad_norm 0.566 | tok/s 11,086 | data_time_frac 3.0% | peak_vram 2344MiB
iter  28575 | loss 1.3008 | lr 8.32e-05 | grad_norm 0.554 | tok/s 11,092 | data_time_frac 3.0% | peak_vram 2344MiB
iter  28600 | loss 1.4026 | lr 8.30e-05 | grad_norm 0.579 | tok/s 11,097 | data_time_frac 3.0% | peak_vram 2344MiB
iter  28625 | loss 1.3798 | lr 8.28e-05 | grad_norm 0.565 | tok/s 11,103 | data_time_frac 3.0% | peak_vram 2344MiB
iter  28650 | loss 1.3407 | lr 8.26e-05 | grad_norm 0.583 | tok/s 11,108 | data_time_frac 3.0% | peak_vram 2344MiB
iter  28675 | loss 1.3392 | lr 8.24e-05 | grad_norm 0.572 | tok/s 11,113 | data_time_frac 3.0% | peak_vram 2344MiB
iter  28700 | loss 1.2491 | lr 8.22e-05 | grad_norm 0.560 | tok/s 11,117 | data_time_frac 3.0% | peak_vram 2344MiB
iter  28725 | loss 1.2537 | lr 8.20e-05 | grad_norm 0.560 | tok/s 11,120 | data_time_frac 3.0% | peak_vram 2344MiB
iter  28750 | loss 1.3673 | lr 8.17e-05 | grad_norm 0.566 | tok/s 11,118 | data_time_frac 3.0% | peak_vram 2344MiB
iter  28775 | loss 1.3339 | lr 8.15e-05 | grad_norm 0.571 | tok/s 11,104 | data_time_frac 3.0% | peak_vram 2344MiB
iter  28800 | loss 1.2925 | lr 8.13e-05 | grad_norm 0.576 | tok/s 11,086 | data_time_frac 3.0% | peak_vram 2344MiB
iter  28825 | loss 1.3158 | lr 8.11e-05 | grad_norm 0.564 | tok/s 11,074 | data_time_frac 3.0% | peak_vram 2344MiB
iter  28850 | loss 1.2996 | lr 8.09e-05 | grad_norm 0.575 | tok/s 11,061 | data_time_frac 3.0% | peak_vram 2344MiB
iter  28875 | loss 1.2659 | lr 8.07e-05 | grad_norm 0.574 | tok/s 11,052 | data_time_frac 3.0% | peak_vram 2344MiB
iter  28900 | loss 1.3214 | lr 8.05e-05 | grad_norm 0.569 | tok/s 11,036 | data_time_frac 3.0% | peak_vram 2344MiB
iter  28925 | loss 1.3310 | lr 8.03e-05 | grad_norm 0.573 | tok/s 11,020 | data_time_frac 3.0% | peak_vram 2344MiB
iter  28950 | loss 1.2502 | lr 8.00e-05 | grad_norm 0.568 | tok/s 11,007 | data_time_frac 3.0% | peak_vram 2344MiB
iter  28975 | loss 1.3233 | lr 7.98e-05 | grad_norm 0.573 | tok/s 10,999 | data_time_frac 3.0% | peak_vram 2344MiB
iter  29000 | loss 1.3088 | lr 7.96e-05 | grad_norm 0.574 | tok/s 10,989 | data_time_frac 3.0% | peak_vram 2344MiB
  eval @ iter 29000: train 1.3005  val 1.3687
  new best val_loss 1.3687 — saved checkpoints\001_baseline\best.pt
iter  29025 | loss 1.3153 | lr 7.94e-05 | grad_norm 0.549 | tok/s 10,975 | data_time_frac 3.0% | peak_vram 2344MiB
iter  29050 | loss 1.3082 | lr 7.92e-05 | grad_norm 0.574 | tok/s 10,966 | data_time_frac 3.0% | peak_vram 2344MiB
iter  29075 | loss 1.3199 | lr 7.90e-05 | grad_norm 0.564 | tok/s 10,957 | data_time_frac 3.0% | peak_vram 2344MiB
iter  29100 | loss 1.3601 | lr 7.88e-05 | grad_norm 0.582 | tok/s 10,948 | data_time_frac 3.0% | peak_vram 2344MiB
iter  29125 | loss 1.2834 | lr 7.86e-05 | grad_norm 0.576 | tok/s 10,939 | data_time_frac 3.0% | peak_vram 2344MiB
iter  29150 | loss 1.3104 | lr 7.84e-05 | grad_norm 0.573 | tok/s 10,932 | data_time_frac 3.0% | peak_vram 2344MiB
iter  29175 | loss 1.2251 | lr 7.82e-05 | grad_norm 0.545 | tok/s 10,918 | data_time_frac 3.0% | peak_vram 2344MiB
iter  29200 | loss 1.2971 | lr 7.79e-05 | grad_norm 0.564 | tok/s 10,905 | data_time_frac 3.0% | peak_vram 2344MiB
iter  29225 | loss 1.3677 | lr 7.77e-05 | grad_norm 0.569 | tok/s 10,895 | data_time_frac 3.0% | peak_vram 2344MiB
iter  29250 | loss 1.3277 | lr 7.75e-05 | grad_norm 0.567 | tok/s 10,884 | data_time_frac 3.0% | peak_vram 2344MiB
iter  29275 | loss 1.2967 | lr 7.73e-05 | grad_norm 0.564 | tok/s 10,867 | data_time_frac 3.0% | peak_vram 2344MiB
iter  29300 | loss 1.3528 | lr 7.71e-05 | grad_norm 0.593 | tok/s 10,851 | data_time_frac 3.0% | peak_vram 2344MiB
iter  29325 | loss 1.2339 | lr 7.69e-05 | grad_norm 0.554 | tok/s 10,834 | data_time_frac 3.0% | peak_vram 2344MiB
iter  29350 | loss 1.3134 | lr 7.67e-05 | grad_norm 0.570 | tok/s 10,818 | data_time_frac 3.0% | peak_vram 2344MiB
iter  29375 | loss 1.3917 | lr 7.65e-05 | grad_norm 0.582 | tok/s 10,808 | data_time_frac 3.0% | peak_vram 2344MiB
iter  29400 | loss 1.3296 | lr 7.63e-05 | grad_norm 0.563 | tok/s 10,794 | data_time_frac 3.0% | peak_vram 2344MiB
iter  29425 | loss 1.2935 | lr 7.61e-05 | grad_norm 0.552 | tok/s 10,778 | data_time_frac 3.0% | peak_vram 2344MiB
iter  29450 | loss 1.2736 | lr 7.59e-05 | grad_norm 0.577 | tok/s 10,768 | data_time_frac 3.0% | peak_vram 2344MiB
iter  29475 | loss 1.3419 | lr 7.57e-05 | grad_norm 0.580 | tok/s 10,755 | data_time_frac 3.0% | peak_vram 2344MiB
iter  29500 | loss 1.2927 | lr 7.55e-05 | grad_norm 0.553 | tok/s 10,743 | data_time_frac 3.0% | peak_vram 2344MiB
  eval @ iter 29500: train 1.3159  val 1.3967
iter  29525 | loss 1.3506 | lr 7.53e-05 | grad_norm 0.591 | tok/s 10,727 | data_time_frac 3.0% | peak_vram 2344MiB
iter  29550 | loss 1.2985 | lr 7.51e-05 | grad_norm 0.566 | tok/s 10,714 | data_time_frac 3.0% | peak_vram 2344MiB
iter  29575 | loss 1.2903 | lr 7.49e-05 | grad_norm 0.578 | tok/s 10,701 | data_time_frac 3.0% | peak_vram 2344MiB
iter  29600 | loss 1.3103 | lr 7.47e-05 | grad_norm 0.601 | tok/s 10,685 | data_time_frac 3.0% | peak_vram 2344MiB
iter  29625 | loss 1.3840 | lr 7.45e-05 | grad_norm 0.592 | tok/s 10,670 | data_time_frac 3.0% | peak_vram 2344MiB
iter  29650 | loss 1.3256 | lr 7.43e-05 | grad_norm 0.571 | tok/s 10,658 | data_time_frac 3.0% | peak_vram 2344MiB
iter  29675 | loss 1.3788 | lr 7.41e-05 | grad_norm 0.575 | tok/s 10,647 | data_time_frac 3.0% | peak_vram 2344MiB
iter  29700 | loss 1.3751 | lr 7.39e-05 | grad_norm 0.571 | tok/s 10,634 | data_time_frac 3.0% | peak_vram 2344MiB
iter  29725 | loss 1.3421 | lr 7.37e-05 | grad_norm 0.584 | tok/s 10,620 | data_time_frac 3.0% | peak_vram 2344MiB
iter  29750 | loss 1.2671 | lr 7.35e-05 | grad_norm 0.549 | tok/s 10,607 | data_time_frac 3.0% | peak_vram 2344MiB
iter  29775 | loss 1.2785 | lr 7.33e-05 | grad_norm 0.549 | tok/s 10,611 | data_time_frac 3.0% | peak_vram 2344MiB
iter  29800 | loss 1.3279 | lr 7.31e-05 | grad_norm 0.564 | tok/s 10,615 | data_time_frac 3.0% | peak_vram 2344MiB
iter  29825 | loss 1.3232 | lr 7.29e-05 | grad_norm 0.572 | tok/s 10,619 | data_time_frac 3.0% | peak_vram 2344MiB
iter  29850 | loss 1.3544 | lr 7.27e-05 | grad_norm 0.564 | tok/s 10,622 | data_time_frac 3.0% | peak_vram 2344MiB
iter  29875 | loss 1.3313 | lr 7.25e-05 | grad_norm 0.572 | tok/s 10,626 | data_time_frac 3.0% | peak_vram 2344MiB
iter  29900 | loss 1.2978 | lr 7.23e-05 | grad_norm 0.593 | tok/s 10,630 | data_time_frac 3.0% | peak_vram 2344MiB
iter  29925 | loss 1.3342 | lr 7.21e-05 | grad_norm 0.556 | tok/s 10,633 | data_time_frac 3.0% | peak_vram 2344MiB
iter  29950 | loss 1.3646 | lr 7.19e-05 | grad_norm 0.576 | tok/s 10,636 | data_time_frac 3.0% | peak_vram 2344MiB
iter  29975 | loss 1.3513 | lr 7.17e-05 | grad_norm 0.570 | tok/s 10,641 | data_time_frac 3.0% | peak_vram 2344MiB
iter  30000 | loss 1.3575 | lr 7.15e-05 | grad_norm 0.561 | tok/s 10,645 | data_time_frac 3.0% | peak_vram 2344MiB
  eval @ iter 30000: train 1.3218  val 1.3874
iter  30025 | loss 1.2697 | lr 7.13e-05 | grad_norm 0.576 | tok/s 10,648 | data_time_frac 3.0% | peak_vram 2344MiB
iter  30050 | loss 1.3117 | lr 7.11e-05 | grad_norm 0.571 | tok/s 10,651 | data_time_frac 3.0% | peak_vram 2344MiB
iter  30075 | loss 1.2926 | lr 7.09e-05 | grad_norm 0.568 | tok/s 10,655 | data_time_frac 3.0% | peak_vram 2344MiB
iter  30100 | loss 1.4466 | lr 7.07e-05 | grad_norm 0.585 | tok/s 10,658 | data_time_frac 3.0% | peak_vram 2344MiB
iter  30125 | loss 1.3366 | lr 7.05e-05 | grad_norm 0.569 | tok/s 10,662 | data_time_frac 3.1% | peak_vram 2344MiB
iter  30150 | loss 1.2846 | lr 7.03e-05 | grad_norm 0.595 | tok/s 10,665 | data_time_frac 3.1% | peak_vram 2344MiB
iter  30175 | loss 1.3478 | lr 7.01e-05 | grad_norm 0.580 | tok/s 10,669 | data_time_frac 3.1% | peak_vram 2344MiB
iter  30200 | loss 1.3396 | lr 6.99e-05 | grad_norm 0.586 | tok/s 10,673 | data_time_frac 3.1% | peak_vram 2344MiB
iter  30225 | loss 1.2514 | lr 6.97e-05 | grad_norm 0.573 | tok/s 10,676 | data_time_frac 3.1% | peak_vram 2344MiB
iter  30250 | loss 1.2837 | lr 6.95e-05 | grad_norm 0.555 | tok/s 10,680 | data_time_frac 3.1% | peak_vram 2344MiB
iter  30275 | loss 1.3171 | lr 6.93e-05 | grad_norm 0.553 | tok/s 10,684 | data_time_frac 3.1% | peak_vram 2344MiB
iter  30300 | loss 1.2793 | lr 6.92e-05 | grad_norm 0.565 | tok/s 10,687 | data_time_frac 3.1% | peak_vram 2344MiB
iter  30325 | loss 1.3410 | lr 6.90e-05 | grad_norm 0.568 | tok/s 10,691 | data_time_frac 3.1% | peak_vram 2344MiB
iter  30350 | loss 1.3452 | lr 6.88e-05 | grad_norm 0.591 | tok/s 10,695 | data_time_frac 3.1% | peak_vram 2344MiB
iter  30375 | loss 1.2677 | lr 6.86e-05 | grad_norm 0.573 | tok/s 10,699 | data_time_frac 3.1% | peak_vram 2344MiB
iter  30400 | loss 1.3309 | lr 6.84e-05 | grad_norm 0.588 | tok/s 10,702 | data_time_frac 3.1% | peak_vram 2344MiB
iter  30425 | loss 1.2339 | lr 6.82e-05 | grad_norm 0.562 | tok/s 10,706 | data_time_frac 3.1% | peak_vram 2344MiB
iter  30450 | loss 1.3084 | lr 6.80e-05 | grad_norm 0.562 | tok/s 10,710 | data_time_frac 3.1% | peak_vram 2344MiB
iter  30475 | loss 1.2882 | lr 6.78e-05 | grad_norm 0.571 | tok/s 10,713 | data_time_frac 3.1% | peak_vram 2344MiB
iter  30500 | loss 1.3206 | lr 6.76e-05 | grad_norm 0.573 | tok/s 10,717 | data_time_frac 3.1% | peak_vram 2344MiB
  eval @ iter 30500: train 1.3010  val 1.3901
iter  30525 | loss 1.3804 | lr 6.74e-05 | grad_norm 0.582 | tok/s 10,720 | data_time_frac 3.1% | peak_vram 2344MiB
iter  30550 | loss 1.3732 | lr 6.73e-05 | grad_norm 0.578 | tok/s 10,723 | data_time_frac 3.1% | peak_vram 2344MiB
iter  30575 | loss 1.3134 | lr 6.71e-05 | grad_norm 0.580 | tok/s 10,727 | data_time_frac 3.1% | peak_vram 2344MiB
iter  30600 | loss 1.3357 | lr 6.69e-05 | grad_norm 0.574 | tok/s 10,730 | data_time_frac 3.2% | peak_vram 2344MiB
iter  30625 | loss 1.3089 | lr 6.67e-05 | grad_norm 0.576 | tok/s 10,733 | data_time_frac 3.2% | peak_vram 2344MiB
iter  30650 | loss 1.3422 | lr 6.65e-05 | grad_norm 0.575 | tok/s 10,737 | data_time_frac 3.2% | peak_vram 2344MiB
iter  30675 | loss 1.2999 | lr 6.63e-05 | grad_norm 0.567 | tok/s 10,740 | data_time_frac 3.2% | peak_vram 2344MiB
iter  30700 | loss 1.3019 | lr 6.61e-05 | grad_norm 0.580 | tok/s 10,743 | data_time_frac 3.2% | peak_vram 2344MiB
iter  30725 | loss 1.4040 | lr 6.60e-05 | grad_norm 0.598 | tok/s 10,747 | data_time_frac 3.2% | peak_vram 2344MiB
iter  30750 | loss 1.2957 | lr 6.58e-05 | grad_norm 0.584 | tok/s 10,750 | data_time_frac 3.2% | peak_vram 2344MiB
iter  30775 | loss 1.3316 | lr 6.56e-05 | grad_norm 0.590 | tok/s 10,754 | data_time_frac 3.2% | peak_vram 2344MiB
iter  30800 | loss 1.3533 | lr 6.54e-05 | grad_norm 0.575 | tok/s 10,758 | data_time_frac 3.2% | peak_vram 2344MiB
iter  30825 | loss 1.2944 | lr 6.52e-05 | grad_norm 0.579 | tok/s 10,762 | data_time_frac 3.2% | peak_vram 2344MiB
iter  30850 | loss 1.3706 | lr 6.50e-05 | grad_norm 0.595 | tok/s 10,765 | data_time_frac 3.2% | peak_vram 2344MiB
iter  30875 | loss 1.3057 | lr 6.49e-05 | grad_norm 0.588 | tok/s 10,769 | data_time_frac 3.2% | peak_vram 2344MiB
iter  30900 | loss 1.3623 | lr 6.47e-05 | grad_norm 0.604 | tok/s 10,773 | data_time_frac 3.2% | peak_vram 2344MiB
iter  30925 | loss 1.4011 | lr 6.45e-05 | grad_norm 0.593 | tok/s 10,776 | data_time_frac 3.2% | peak_vram 2344MiB
iter  30950 | loss 1.3446 | lr 6.43e-05 | grad_norm 0.593 | tok/s 10,780 | data_time_frac 3.2% | peak_vram 2344MiB
iter  30975 | loss 1.3529 | lr 6.41e-05 | grad_norm 0.578 | tok/s 10,784 | data_time_frac 3.2% | peak_vram 2344MiB
iter  31000 | loss 1.2919 | lr 6.40e-05 | grad_norm 0.566 | tok/s 10,787 | data_time_frac 3.2% | peak_vram 2344MiB
  eval @ iter 31000: train 1.3108  val 1.3966
iter  31025 | loss 1.3527 | lr 6.38e-05 | grad_norm 0.590 | tok/s 10,790 | data_time_frac 3.2% | peak_vram 2344MiB
iter  31050 | loss 1.4222 | lr 6.36e-05 | grad_norm 0.579 | tok/s 10,794 | data_time_frac 3.2% | peak_vram 2344MiB
iter  31075 | loss 1.2841 | lr 6.34e-05 | grad_norm 0.579 | tok/s 10,797 | data_time_frac 3.3% | peak_vram 2344MiB
iter  31100 | loss 1.2512 | lr 6.32e-05 | grad_norm 0.567 | tok/s 10,800 | data_time_frac 3.3% | peak_vram 2344MiB
iter  31125 | loss 1.3269 | lr 6.31e-05 | grad_norm 0.597 | tok/s 10,803 | data_time_frac 3.3% | peak_vram 2344MiB
iter  31150 | loss 1.2905 | lr 6.29e-05 | grad_norm 0.585 | tok/s 10,806 | data_time_frac 3.3% | peak_vram 2344MiB
iter  31175 | loss 1.2447 | lr 6.27e-05 | grad_norm 0.565 | tok/s 10,808 | data_time_frac 3.3% | peak_vram 2344MiB
iter  31200 | loss 1.3980 | lr 6.25e-05 | grad_norm 0.584 | tok/s 10,811 | data_time_frac 3.3% | peak_vram 2344MiB
iter  31225 | loss 1.3514 | lr 6.23e-05 | grad_norm 0.586 | tok/s 10,814 | data_time_frac 3.3% | peak_vram 2344MiB
iter  31250 | loss 1.2595 | lr 6.22e-05 | grad_norm 0.571 | tok/s 10,817 | data_time_frac 3.3% | peak_vram 2344MiB
iter  31275 | loss 1.2436 | lr 6.20e-05 | grad_norm 0.565 | tok/s 10,821 | data_time_frac 3.3% | peak_vram 2344MiB
iter  31300 | loss 1.4087 | lr 6.18e-05 | grad_norm 0.579 | tok/s 10,824 | data_time_frac 3.4% | peak_vram 2344MiB
iter  31325 | loss 1.3345 | lr 6.16e-05 | grad_norm 0.587 | tok/s 10,828 | data_time_frac 3.4% | peak_vram 2344MiB
iter  31350 | loss 1.3536 | lr 6.15e-05 | grad_norm 0.605 | tok/s 10,832 | data_time_frac 3.4% | peak_vram 2344MiB
iter  31375 | loss 1.2802 | lr 6.13e-05 | grad_norm 0.565 | tok/s 10,837 | data_time_frac 3.3% | peak_vram 2344MiB
iter  31400 | loss 1.3212 | lr 6.11e-05 | grad_norm 0.590 | tok/s 10,841 | data_time_frac 3.3% | peak_vram 2344MiB
iter  31425 | loss 1.2576 | lr 6.09e-05 | grad_norm 0.573 | tok/s 10,845 | data_time_frac 3.3% | peak_vram 2344MiB
iter  31450 | loss 1.2929 | lr 6.08e-05 | grad_norm 0.575 | tok/s 10,849 | data_time_frac 3.3% | peak_vram 2344MiB
iter  31475 | loss 1.3198 | lr 6.06e-05 | grad_norm 0.570 | tok/s 10,853 | data_time_frac 3.3% | peak_vram 2344MiB
iter  31500 | loss 1.3419 | lr 6.04e-05 | grad_norm 0.588 | tok/s 10,857 | data_time_frac 3.3% | peak_vram 2344MiB
  eval @ iter 31500: train 1.3265  val 1.3724
iter  31525 | loss 1.1974 | lr 6.03e-05 | grad_norm 0.565 | tok/s 10,860 | data_time_frac 3.3% | peak_vram 2344MiB
iter  31550 | loss 1.2513 | lr 6.01e-05 | grad_norm 0.568 | tok/s 10,864 | data_time_frac 3.3% | peak_vram 2344MiB
iter  31575 | loss 1.2234 | lr 5.99e-05 | grad_norm 0.593 | tok/s 10,868 | data_time_frac 3.3% | peak_vram 2344MiB
iter  31600 | loss 1.2814 | lr 5.97e-05 | grad_norm 0.573 | tok/s 10,873 | data_time_frac 3.3% | peak_vram 2344MiB
iter  31625 | loss 1.3498 | lr 5.96e-05 | grad_norm 0.604 | tok/s 10,877 | data_time_frac 3.3% | peak_vram 2344MiB
iter  31650 | loss 1.3370 | lr 5.94e-05 | grad_norm 0.588 | tok/s 10,881 | data_time_frac 3.3% | peak_vram 2344MiB
iter  31675 | loss 1.3050 | lr 5.92e-05 | grad_norm 0.562 | tok/s 10,885 | data_time_frac 3.3% | peak_vram 2344MiB
iter  31700 | loss 1.3679 | lr 5.91e-05 | grad_norm 0.579 | tok/s 10,889 | data_time_frac 3.3% | peak_vram 2344MiB
iter  31725 | loss 1.2451 | lr 5.89e-05 | grad_norm 0.573 | tok/s 10,893 | data_time_frac 3.3% | peak_vram 2344MiB
iter  31750 | loss 1.3230 | lr 5.87e-05 | grad_norm 0.601 | tok/s 10,897 | data_time_frac 3.3% | peak_vram 2344MiB
iter  31775 | loss 1.3109 | lr 5.86e-05 | grad_norm 0.578 | tok/s 10,901 | data_time_frac 3.3% | peak_vram 2344MiB
iter  31800 | loss 1.2789 | lr 5.84e-05 | grad_norm 0.594 | tok/s 10,905 | data_time_frac 3.3% | peak_vram 2344MiB
iter  31825 | loss 1.3287 | lr 5.82e-05 | grad_norm 0.600 | tok/s 10,909 | data_time_frac 3.3% | peak_vram 2344MiB
iter  31850 | loss 1.3281 | lr 5.81e-05 | grad_norm 0.586 | tok/s 10,913 | data_time_frac 3.3% | peak_vram 2344MiB
iter  31875 | loss 1.3396 | lr 5.79e-05 | grad_norm 0.593 | tok/s 10,918 | data_time_frac 3.3% | peak_vram 2344MiB
iter  31900 | loss 1.2261 | lr 5.77e-05 | grad_norm 0.583 | tok/s 10,922 | data_time_frac 3.3% | peak_vram 2344MiB
iter  31925 | loss 1.3156 | lr 5.76e-05 | grad_norm 0.575 | tok/s 10,926 | data_time_frac 3.3% | peak_vram 2344MiB
iter  31950 | loss 1.2222 | lr 5.74e-05 | grad_norm 0.592 | tok/s 10,930 | data_time_frac 3.3% | peak_vram 2344MiB
iter  31975 | loss 1.3210 | lr 5.72e-05 | grad_norm 0.575 | tok/s 10,934 | data_time_frac 3.3% | peak_vram 2344MiB
iter  32000 | loss 1.3359 | lr 5.71e-05 | grad_norm 0.573 | tok/s 10,938 | data_time_frac 3.3% | peak_vram 2344MiB
  eval @ iter 32000: train 1.2803  val 1.3659
  new best val_loss 1.3659 — saved checkpoints\001_baseline\best.pt
iter  32025 | loss 1.2737 | lr 5.69e-05 | grad_norm 0.592 | tok/s 10,941 | data_time_frac 3.3% | peak_vram 2344MiB
iter  32050 | loss 1.2361 | lr 5.67e-05 | grad_norm 0.590 | tok/s 10,945 | data_time_frac 3.3% | peak_vram 2344MiB
iter  32075 | loss 1.2662 | lr 5.66e-05 | grad_norm 0.574 | tok/s 10,949 | data_time_frac 3.3% | peak_vram 2344MiB
iter  32100 | loss 1.2867 | lr 5.64e-05 | grad_norm 0.609 | tok/s 10,953 | data_time_frac 3.3% | peak_vram 2344MiB
iter  32125 | loss 1.2580 | lr 5.63e-05 | grad_norm 0.577 | tok/s 10,957 | data_time_frac 3.3% | peak_vram 2344MiB
iter  32150 | loss 1.2622 | lr 5.61e-05 | grad_norm 0.578 | tok/s 10,961 | data_time_frac 3.3% | peak_vram 2344MiB
iter  32175 | loss 1.2890 | lr 5.59e-05 | grad_norm 0.569 | tok/s 10,965 | data_time_frac 3.3% | peak_vram 2344MiB
iter  32200 | loss 1.2774 | lr 5.58e-05 | grad_norm 0.585 | tok/s 10,969 | data_time_frac 3.3% | peak_vram 2344MiB
iter  32225 | loss 1.2756 | lr 5.56e-05 | grad_norm 0.585 | tok/s 10,973 | data_time_frac 3.3% | peak_vram 2344MiB
iter  32250 | loss 1.3127 | lr 5.55e-05 | grad_norm 0.573 | tok/s 10,977 | data_time_frac 3.3% | peak_vram 2344MiB
iter  32275 | loss 1.3133 | lr 5.53e-05 | grad_norm 0.586 | tok/s 10,981 | data_time_frac 3.3% | peak_vram 2344MiB
iter  32300 | loss 1.3865 | lr 5.51e-05 | grad_norm 0.585 | tok/s 10,985 | data_time_frac 3.3% | peak_vram 2344MiB
iter  32325 | loss 1.2740 | lr 5.50e-05 | grad_norm 0.602 | tok/s 10,989 | data_time_frac 3.3% | peak_vram 2344MiB
iter  32350 | loss 1.3124 | lr 5.48e-05 | grad_norm 0.593 | tok/s 10,993 | data_time_frac 3.3% | peak_vram 2344MiB
iter  32375 | loss 1.2823 | lr 5.47e-05 | grad_norm 0.567 | tok/s 10,997 | data_time_frac 3.3% | peak_vram 2344MiB
iter  32400 | loss 1.2517 | lr 5.45e-05 | grad_norm 0.574 | tok/s 11,001 | data_time_frac 3.3% | peak_vram 2344MiB
iter  32425 | loss 1.3491 | lr 5.44e-05 | grad_norm 0.584 | tok/s 11,005 | data_time_frac 3.3% | peak_vram 2344MiB
iter  32450 | loss 1.2889 | lr 5.42e-05 | grad_norm 0.591 | tok/s 11,009 | data_time_frac 3.3% | peak_vram 2344MiB
iter  32475 | loss 1.3489 | lr 5.41e-05 | grad_norm 0.575 | tok/s 11,013 | data_time_frac 3.3% | peak_vram 2344MiB
iter  32500 | loss 1.3014 | lr 5.39e-05 | grad_norm 0.583 | tok/s 11,017 | data_time_frac 3.3% | peak_vram 2344MiB
  eval @ iter 32500: train 1.2943  val 1.3880
iter  32525 | loss 1.2739 | lr 5.37e-05 | grad_norm 0.599 | tok/s 11,020 | data_time_frac 3.3% | peak_vram 2344MiB
iter  32550 | loss 1.3257 | lr 5.36e-05 | grad_norm 0.587 | tok/s 11,024 | data_time_frac 3.3% | peak_vram 2344MiB
iter  32575 | loss 1.2463 | lr 5.34e-05 | grad_norm 0.584 | tok/s 11,027 | data_time_frac 3.3% | peak_vram 2344MiB
iter  32600 | loss 1.2697 | lr 5.33e-05 | grad_norm 0.582 | tok/s 11,031 | data_time_frac 3.3% | peak_vram 2344MiB
iter  32625 | loss 1.3088 | lr 5.31e-05 | grad_norm 0.585 | tok/s 11,034 | data_time_frac 3.3% | peak_vram 2344MiB
iter  32650 | loss 1.3130 | lr 5.30e-05 | grad_norm 0.595 | tok/s 11,038 | data_time_frac 3.3% | peak_vram 2344MiB
iter  32675 | loss 1.3350 | lr 5.28e-05 | grad_norm 0.580 | tok/s 11,042 | data_time_frac 3.3% | peak_vram 2344MiB
iter  32700 | loss 1.3537 | lr 5.27e-05 | grad_norm 0.589 | tok/s 11,045 | data_time_frac 3.3% | peak_vram 2344MiB
iter  32725 | loss 1.2764 | lr 5.25e-05 | grad_norm 0.592 | tok/s 11,049 | data_time_frac 3.3% | peak_vram 2344MiB
iter  32750 | loss 1.3783 | lr 5.24e-05 | grad_norm 0.578 | tok/s 11,053 | data_time_frac 3.3% | peak_vram 2344MiB
iter  32775 | loss 1.3317 | lr 5.22e-05 | grad_norm 0.574 | tok/s 11,056 | data_time_frac 3.3% | peak_vram 2344MiB
iter  32800 | loss 1.2830 | lr 5.21e-05 | grad_norm 0.589 | tok/s 11,060 | data_time_frac 3.3% | peak_vram 2344MiB
iter  32825 | loss 1.3286 | lr 5.19e-05 | grad_norm 0.609 | tok/s 11,063 | data_time_frac 3.3% | peak_vram 2344MiB
iter  32850 | loss 1.2933 | lr 5.18e-05 | grad_norm 0.592 | tok/s 11,065 | data_time_frac 3.4% | peak_vram 2344MiB
iter  32875 | loss 1.2865 | lr 5.16e-05 | grad_norm 0.577 | tok/s 11,067 | data_time_frac 3.4% | peak_vram 2344MiB
iter  32900 | loss 1.3508 | lr 5.15e-05 | grad_norm 0.600 | tok/s 11,068 | data_time_frac 3.4% | peak_vram 2344MiB
iter  32925 | loss 1.3283 | lr 5.13e-05 | grad_norm 0.595 | tok/s 11,070 | data_time_frac 3.4% | peak_vram 2344MiB
iter  32950 | loss 1.3999 | lr 5.12e-05 | grad_norm 0.586 | tok/s 11,073 | data_time_frac 3.4% | peak_vram 2344MiB
iter  32975 | loss 1.2608 | lr 5.10e-05 | grad_norm 0.586 | tok/s 11,075 | data_time_frac 3.5% | peak_vram 2344MiB
iter  33000 | loss 1.2375 | lr 5.09e-05 | grad_norm 0.572 | tok/s 11,077 | data_time_frac 3.5% | peak_vram 2344MiB
  eval @ iter 33000: train 1.3147  val 1.3646
  new best val_loss 1.3646 — saved checkpoints\001_baseline\best.pt
iter  33025 | loss 1.2891 | lr 5.08e-05 | grad_norm 0.591 | tok/s 11,079 | data_time_frac 3.5% | peak_vram 2344MiB
iter  33050 | loss 1.2964 | lr 5.06e-05 | grad_norm 0.586 | tok/s 11,083 | data_time_frac 3.5% | peak_vram 2344MiB
iter  33075 | loss 1.2464 | lr 5.05e-05 | grad_norm 0.587 | tok/s 11,087 | data_time_frac 3.5% | peak_vram 2344MiB
iter  33100 | loss 1.2818 | lr 5.03e-05 | grad_norm 0.574 | tok/s 11,091 | data_time_frac 3.5% | peak_vram 2344MiB
iter  33125 | loss 1.3651 | lr 5.02e-05 | grad_norm 0.588 | tok/s 11,094 | data_time_frac 3.5% | peak_vram 2344MiB
iter  33150 | loss 1.2785 | lr 5.00e-05 | grad_norm 0.580 | tok/s 11,098 | data_time_frac 3.5% | peak_vram 2344MiB
iter  33175 | loss 1.3813 | lr 4.99e-05 | grad_norm 0.604 | tok/s 11,102 | data_time_frac 3.5% | peak_vram 2344MiB
iter  33200 | loss 1.3342 | lr 4.98e-05 | grad_norm 0.599 | tok/s 11,106 | data_time_frac 3.5% | peak_vram 2344MiB
iter  33225 | loss 1.2551 | lr 4.96e-05 | grad_norm 0.580 | tok/s 11,110 | data_time_frac 3.5% | peak_vram 2344MiB
iter  33250 | loss 1.2969 | lr 4.95e-05 | grad_norm 0.586 | tok/s 11,114 | data_time_frac 3.5% | peak_vram 2344MiB
iter  33275 | loss 1.3308 | lr 4.93e-05 | grad_norm 0.581 | tok/s 11,117 | data_time_frac 3.5% | peak_vram 2344MiB
iter  33300 | loss 1.3145 | lr 4.92e-05 | grad_norm 0.594 | tok/s 11,121 | data_time_frac 3.5% | peak_vram 2344MiB
iter  33325 | loss 1.3271 | lr 4.90e-05 | grad_norm 0.605 | tok/s 11,125 | data_time_frac 3.5% | peak_vram 2344MiB
iter  33350 | loss 1.3595 | lr 4.89e-05 | grad_norm 0.590 | tok/s 11,129 | data_time_frac 3.5% | peak_vram 2344MiB
iter  33375 | loss 1.3285 | lr 4.88e-05 | grad_norm 0.597 | tok/s 11,133 | data_time_frac 3.5% | peak_vram 2344MiB
iter  33400 | loss 1.2472 | lr 4.86e-05 | grad_norm 0.580 | tok/s 11,137 | data_time_frac 3.5% | peak_vram 2344MiB
iter  33425 | loss 1.2609 | lr 4.85e-05 | grad_norm 0.596 | tok/s 11,140 | data_time_frac 3.5% | peak_vram 2344MiB
iter  33450 | loss 1.3163 | lr 4.84e-05 | grad_norm 0.588 | tok/s 11,144 | data_time_frac 3.5% | peak_vram 2344MiB
iter  33475 | loss 1.2401 | lr 4.82e-05 | grad_norm 0.578 | tok/s 11,148 | data_time_frac 3.5% | peak_vram 2344MiB
iter  33500 | loss 1.2086 | lr 4.81e-05 | grad_norm 0.581 | tok/s 11,152 | data_time_frac 3.5% | peak_vram 2344MiB
  eval @ iter 33500: train 1.2932  val 1.3489
  new best val_loss 1.3489 — saved checkpoints\001_baseline\best.pt
iter  33525 | loss 1.3580 | lr 4.80e-05 | grad_norm 0.593 | tok/s 11,155 | data_time_frac 3.5% | peak_vram 2344MiB
iter  33550 | loss 1.3681 | lr 4.78e-05 | grad_norm 0.608 | tok/s 11,158 | data_time_frac 3.5% | peak_vram 2344MiB
iter  33575 | loss 1.3424 | lr 4.77e-05 | grad_norm 0.604 | tok/s 11,162 | data_time_frac 3.5% | peak_vram 2344MiB
iter  33600 | loss 1.2728 | lr 4.75e-05 | grad_norm 0.585 | tok/s 11,166 | data_time_frac 3.5% | peak_vram 2344MiB
iter  33625 | loss 1.3343 | lr 4.74e-05 | grad_norm 0.638 | tok/s 11,170 | data_time_frac 3.5% | peak_vram 2344MiB
iter  33650 | loss 1.2423 | lr 4.73e-05 | grad_norm 0.583 | tok/s 11,174 | data_time_frac 3.5% | peak_vram 2344MiB
iter  33675 | loss 1.3358 | lr 4.71e-05 | grad_norm 0.585 | tok/s 11,177 | data_time_frac 3.5% | peak_vram 2344MiB
iter  33700 | loss 1.2531 | lr 4.70e-05 | grad_norm 0.592 | tok/s 11,181 | data_time_frac 3.5% | peak_vram 2344MiB
iter  33725 | loss 1.2707 | lr 4.69e-05 | grad_norm 0.587 | tok/s 11,185 | data_time_frac 3.5% | peak_vram 2344MiB
iter  33750 | loss 1.3040 | lr 4.68e-05 | grad_norm 0.588 | tok/s 11,189 | data_time_frac 3.5% | peak_vram 2344MiB
iter  33775 | loss 1.3488 | lr 4.66e-05 | grad_norm 0.604 | tok/s 11,192 | data_time_frac 3.5% | peak_vram 2344MiB
iter  33800 | loss 1.3316 | lr 4.65e-05 | grad_norm 0.598 | tok/s 11,196 | data_time_frac 3.5% | peak_vram 2344MiB
iter  33825 | loss 1.3470 | lr 4.64e-05 | grad_norm 0.605 | tok/s 11,200 | data_time_frac 3.5% | peak_vram 2344MiB
iter  33850 | loss 1.3329 | lr 4.62e-05 | grad_norm 0.587 | tok/s 11,204 | data_time_frac 3.5% | peak_vram 2344MiB
iter  33875 | loss 1.2962 | lr 4.61e-05 | grad_norm 0.598 | tok/s 11,207 | data_time_frac 3.5% | peak_vram 2344MiB
iter  33900 | loss 1.3058 | lr 4.60e-05 | grad_norm 0.610 | tok/s 11,211 | data_time_frac 3.5% | peak_vram 2344MiB
iter  33925 | loss 1.2817 | lr 4.58e-05 | grad_norm 0.609 | tok/s 11,215 | data_time_frac 3.5% | peak_vram 2344MiB
iter  33950 | loss 1.2723 | lr 4.57e-05 | grad_norm 0.565 | tok/s 11,219 | data_time_frac 3.5% | peak_vram 2344MiB
iter  33975 | loss 1.3210 | lr 4.56e-05 | grad_norm 0.618 | tok/s 11,222 | data_time_frac 3.5% | peak_vram 2344MiB
iter  34000 | loss 1.2764 | lr 4.55e-05 | grad_norm 0.575 | tok/s 11,226 | data_time_frac 3.5% | peak_vram 2344MiB
  eval @ iter 34000: train 1.3235  val 1.3263
  new best val_loss 1.3263 — saved checkpoints\001_baseline\best.pt
iter  34025 | loss 1.3120 | lr 4.53e-05 | grad_norm 0.595 | tok/s 11,229 | data_time_frac 3.5% | peak_vram 2344MiB
iter  34050 | loss 1.3213 | lr 4.52e-05 | grad_norm 0.595 | tok/s 11,232 | data_time_frac 3.5% | peak_vram 2344MiB
iter  34075 | loss 1.2963 | lr 4.51e-05 | grad_norm 0.597 | tok/s 11,236 | data_time_frac 3.5% | peak_vram 2344MiB
iter  34100 | loss 1.3891 | lr 4.50e-05 | grad_norm 0.595 | tok/s 11,240 | data_time_frac 3.5% | peak_vram 2344MiB
iter  34125 | loss 1.3091 | lr 4.48e-05 | grad_norm 0.594 | tok/s 11,244 | data_time_frac 3.5% | peak_vram 2344MiB
iter  34150 | loss 1.2717 | lr 4.47e-05 | grad_norm 0.598 | tok/s 11,247 | data_time_frac 3.5% | peak_vram 2344MiB
iter  34175 | loss 1.3573 | lr 4.46e-05 | grad_norm 0.588 | tok/s 11,251 | data_time_frac 3.5% | peak_vram 2344MiB
iter  34200 | loss 1.2241 | lr 4.45e-05 | grad_norm 0.590 | tok/s 11,255 | data_time_frac 3.5% | peak_vram 2344MiB
iter  34225 | loss 1.2937 | lr 4.43e-05 | grad_norm 0.582 | tok/s 11,259 | data_time_frac 3.5% | peak_vram 2344MiB
iter  34250 | loss 1.2603 | lr 4.42e-05 | grad_norm 0.581 | tok/s 11,262 | data_time_frac 3.5% | peak_vram 2344MiB
iter  34275 | loss 1.2555 | lr 4.41e-05 | grad_norm 0.618 | tok/s 11,266 | data_time_frac 3.5% | peak_vram 2344MiB
iter  34300 | loss 1.3641 | lr 4.40e-05 | grad_norm 0.595 | tok/s 11,270 | data_time_frac 3.5% | peak_vram 2344MiB
iter  34325 | loss 1.3631 | lr 4.39e-05 | grad_norm 0.611 | tok/s 11,273 | data_time_frac 3.5% | peak_vram 2344MiB
iter  34350 | loss 1.2962 | lr 4.37e-05 | grad_norm 0.608 | tok/s 11,277 | data_time_frac 3.5% | peak_vram 2344MiB
iter  34375 | loss 1.3640 | lr 4.36e-05 | grad_norm 0.602 | tok/s 11,281 | data_time_frac 3.5% | peak_vram 2344MiB
iter  34400 | loss 1.2950 | lr 4.35e-05 | grad_norm 0.595 | tok/s 11,284 | data_time_frac 3.5% | peak_vram 2344MiB
iter  34425 | loss 1.2866 | lr 4.34e-05 | grad_norm 0.572 | tok/s 11,288 | data_time_frac 3.5% | peak_vram 2344MiB
iter  34450 | loss 1.3093 | lr 4.33e-05 | grad_norm 0.598 | tok/s 11,292 | data_time_frac 3.5% | peak_vram 2344MiB
iter  34475 | loss 1.2561 | lr 4.32e-05 | grad_norm 0.608 | tok/s 11,296 | data_time_frac 3.5% | peak_vram 2344MiB
iter  34500 | loss 1.2921 | lr 4.30e-05 | grad_norm 0.582 | tok/s 11,299 | data_time_frac 3.5% | peak_vram 2344MiB
  eval @ iter 34500: train 1.2835  val 1.3918
iter  34525 | loss 1.2949 | lr 4.29e-05 | grad_norm 0.576 | tok/s 11,302 | data_time_frac 3.5% | peak_vram 2344MiB
iter  34550 | loss 1.2856 | lr 4.28e-05 | grad_norm 0.595 | tok/s 11,306 | data_time_frac 3.5% | peak_vram 2344MiB
iter  34575 | loss 1.3880 | lr 4.27e-05 | grad_norm 0.598 | tok/s 11,309 | data_time_frac 3.5% | peak_vram 2344MiB
iter  34600 | loss 1.2589 | lr 4.26e-05 | grad_norm 0.593 | tok/s 11,313 | data_time_frac 3.5% | peak_vram 2344MiB
iter  34625 | loss 1.2834 | lr 4.25e-05 | grad_norm 0.587 | tok/s 11,317 | data_time_frac 3.5% | peak_vram 2344MiB
iter  34650 | loss 1.2263 | lr 4.23e-05 | grad_norm 0.589 | tok/s 11,320 | data_time_frac 3.5% | peak_vram 2344MiB
iter  34675 | loss 1.2458 | lr 4.22e-05 | grad_norm 0.594 | tok/s 11,324 | data_time_frac 3.5% | peak_vram 2344MiB
iter  34700 | loss 1.3256 | lr 4.21e-05 | grad_norm 0.617 | tok/s 11,328 | data_time_frac 3.5% | peak_vram 2344MiB
iter  34725 | loss 1.3443 | lr 4.20e-05 | grad_norm 0.611 | tok/s 11,331 | data_time_frac 3.5% | peak_vram 2344MiB
iter  34750 | loss 1.2587 | lr 4.19e-05 | grad_norm 0.585 | tok/s 11,335 | data_time_frac 3.5% | peak_vram 2344MiB
iter  34775 | loss 1.3439 | lr 4.18e-05 | grad_norm 0.590 | tok/s 11,339 | data_time_frac 3.5% | peak_vram 2344MiB
iter  34800 | loss 1.2891 | lr 4.17e-05 | grad_norm 0.590 | tok/s 11,342 | data_time_frac 3.5% | peak_vram 2344MiB
iter  34825 | loss 1.3081 | lr 4.16e-05 | grad_norm 0.595 | tok/s 11,346 | data_time_frac 3.5% | peak_vram 2344MiB
iter  34850 | loss 1.2597 | lr 4.15e-05 | grad_norm 0.586 | tok/s 11,350 | data_time_frac 3.5% | peak_vram 2344MiB
iter  34875 | loss 1.3353 | lr 4.13e-05 | grad_norm 0.594 | tok/s 11,353 | data_time_frac 3.5% | peak_vram 2344MiB
iter  34900 | loss 1.3490 | lr 4.12e-05 | grad_norm 0.604 | tok/s 11,357 | data_time_frac 3.5% | peak_vram 2344MiB
iter  34925 | loss 1.2738 | lr 4.11e-05 | grad_norm 0.604 | tok/s 11,360 | data_time_frac 3.5% | peak_vram 2344MiB
iter  34950 | loss 1.3149 | lr 4.10e-05 | grad_norm 0.602 | tok/s 11,364 | data_time_frac 3.5% | peak_vram 2344MiB
iter  34975 | loss 1.3136 | lr 4.09e-05 | grad_norm 0.616 | tok/s 11,368 | data_time_frac 3.5% | peak_vram 2344MiB
iter  35000 | loss 1.3425 | lr 4.08e-05 | grad_norm 0.592 | tok/s 11,371 | data_time_frac 3.4% | peak_vram 2344MiB
  eval @ iter 35000: train 1.2807  val 1.3560
iter  35025 | loss 1.3392 | lr 4.07e-05 | grad_norm 0.597 | tok/s 11,374 | data_time_frac 3.4% | peak_vram 2344MiB
iter  35050 | loss 1.2516 | lr 4.06e-05 | grad_norm 0.589 | tok/s 11,378 | data_time_frac 3.4% | peak_vram 2344MiB
iter  35075 | loss 1.4059 | lr 4.05e-05 | grad_norm 0.590 | tok/s 11,381 | data_time_frac 3.4% | peak_vram 2344MiB
iter  35100 | loss 1.3525 | lr 4.04e-05 | grad_norm 0.604 | tok/s 11,385 | data_time_frac 3.4% | peak_vram 2344MiB
iter  35125 | loss 1.2887 | lr 4.03e-05 | grad_norm 0.605 | tok/s 11,389 | data_time_frac 3.4% | peak_vram 2344MiB
iter  35150 | loss 1.2629 | lr 4.02e-05 | grad_norm 0.593 | tok/s 11,392 | data_time_frac 3.4% | peak_vram 2344MiB
iter  35175 | loss 1.2816 | lr 4.01e-05 | grad_norm 0.600 | tok/s 11,396 | data_time_frac 3.4% | peak_vram 2344MiB
iter  35200 | loss 1.3789 | lr 4.00e-05 | grad_norm 0.612 | tok/s 11,399 | data_time_frac 3.4% | peak_vram 2344MiB
iter  35225 | loss 1.3201 | lr 3.99e-05 | grad_norm 0.606 | tok/s 11,403 | data_time_frac 3.4% | peak_vram 2344MiB
iter  35250 | loss 1.2470 | lr 3.98e-05 | grad_norm 0.597 | tok/s 11,407 | data_time_frac 3.4% | peak_vram 2344MiB
iter  35275 | loss 1.3210 | lr 3.97e-05 | grad_norm 0.595 | tok/s 11,410 | data_time_frac 3.4% | peak_vram 2344MiB
iter  35300 | loss 1.2518 | lr 3.96e-05 | grad_norm 0.621 | tok/s 11,414 | data_time_frac 3.4% | peak_vram 2344MiB
iter  35325 | loss 1.3189 | lr 3.95e-05 | grad_norm 0.602 | tok/s 11,417 | data_time_frac 3.4% | peak_vram 2344MiB
iter  35350 | loss 1.2777 | lr 3.94e-05 | grad_norm 0.604 | tok/s 11,421 | data_time_frac 3.4% | peak_vram 2344MiB
iter  35375 | loss 1.2470 | lr 3.93e-05 | grad_norm 0.605 | tok/s 11,425 | data_time_frac 3.4% | peak_vram 2344MiB
iter  35400 | loss 1.2677 | lr 3.92e-05 | grad_norm 0.618 | tok/s 11,428 | data_time_frac 3.4% | peak_vram 2344MiB
iter  35425 | loss 1.2680 | lr 3.91e-05 | grad_norm 0.604 | tok/s 11,432 | data_time_frac 3.4% | peak_vram 2344MiB
iter  35450 | loss 1.2289 | lr 3.90e-05 | grad_norm 0.596 | tok/s 11,435 | data_time_frac 3.4% | peak_vram 2344MiB
iter  35475 | loss 1.2248 | lr 3.89e-05 | grad_norm 0.603 | tok/s 11,439 | data_time_frac 3.4% | peak_vram 2344MiB
iter  35500 | loss 1.2508 | lr 3.88e-05 | grad_norm 0.601 | tok/s 11,443 | data_time_frac 3.4% | peak_vram 2344MiB
  eval @ iter 35500: train 1.3104  val 1.3883
iter  35525 | loss 1.3591 | lr 3.87e-05 | grad_norm 0.629 | tok/s 11,445 | data_time_frac 3.4% | peak_vram 2344MiB
iter  35550 | loss 1.2897 | lr 3.86e-05 | grad_norm 0.611 | tok/s 11,449 | data_time_frac 3.4% | peak_vram 2344MiB
iter  35575 | loss 1.2406 | lr 3.85e-05 | grad_norm 0.598 | tok/s 11,452 | data_time_frac 3.4% | peak_vram 2344MiB
iter  35600 | loss 1.2448 | lr 3.84e-05 | grad_norm 0.593 | tok/s 11,456 | data_time_frac 3.4% | peak_vram 2344MiB
iter  35625 | loss 1.2317 | lr 3.83e-05 | grad_norm 0.612 | tok/s 11,460 | data_time_frac 3.4% | peak_vram 2344MiB
iter  35650 | loss 1.2658 | lr 3.82e-05 | grad_norm 0.604 | tok/s 11,463 | data_time_frac 3.4% | peak_vram 2344MiB
iter  35675 | loss 1.1948 | lr 3.81e-05 | grad_norm 0.591 | tok/s 11,467 | data_time_frac 3.4% | peak_vram 2344MiB
iter  35700 | loss 1.3624 | lr 3.80e-05 | grad_norm 0.622 | tok/s 11,470 | data_time_frac 3.4% | peak_vram 2344MiB
iter  35725 | loss 1.3350 | lr 3.79e-05 | grad_norm 0.605 | tok/s 11,474 | data_time_frac 3.4% | peak_vram 2344MiB
iter  35750 | loss 1.3420 | lr 3.78e-05 | grad_norm 0.618 | tok/s 11,477 | data_time_frac 3.4% | peak_vram 2344MiB
iter  35775 | loss 1.3546 | lr 3.77e-05 | grad_norm 0.601 | tok/s 11,481 | data_time_frac 3.4% | peak_vram 2344MiB
iter  35800 | loss 1.2460 | lr 3.77e-05 | grad_norm 0.622 | tok/s 11,484 | data_time_frac 3.4% | peak_vram 2344MiB
iter  35825 | loss 1.2439 | lr 3.76e-05 | grad_norm 0.607 | tok/s 11,488 | data_time_frac 3.4% | peak_vram 2344MiB
iter  35850 | loss 1.3190 | lr 3.75e-05 | grad_norm 0.605 | tok/s 11,492 | data_time_frac 3.4% | peak_vram 2344MiB
iter  35875 | loss 1.2800 | lr 3.74e-05 | grad_norm 0.603 | tok/s 11,495 | data_time_frac 3.4% | peak_vram 2344MiB
iter  35900 | loss 1.3225 | lr 3.73e-05 | grad_norm 0.621 | tok/s 11,499 | data_time_frac 3.4% | peak_vram 2344MiB
iter  35925 | loss 1.2752 | lr 3.72e-05 | grad_norm 0.609 | tok/s 11,502 | data_time_frac 3.4% | peak_vram 2344MiB
iter  35950 | loss 1.2804 | lr 3.71e-05 | grad_norm 0.612 | tok/s 11,506 | data_time_frac 3.4% | peak_vram 2344MiB
iter  35975 | loss 1.2839 | lr 3.70e-05 | grad_norm 0.603 | tok/s 11,509 | data_time_frac 3.4% | peak_vram 2344MiB
iter  36000 | loss 1.3011 | lr 3.69e-05 | grad_norm 0.583 | tok/s 11,513 | data_time_frac 3.4% | peak_vram 2344MiB
  eval @ iter 36000: train 1.3023  val 1.3679
iter  36025 | loss 1.2915 | lr 3.69e-05 | grad_norm 0.606 | tok/s 11,515 | data_time_frac 3.4% | peak_vram 2344MiB
iter  36050 | loss 1.3870 | lr 3.68e-05 | grad_norm 0.610 | tok/s 11,519 | data_time_frac 3.4% | peak_vram 2344MiB
iter  36075 | loss 1.3157 | lr 3.67e-05 | grad_norm 0.604 | tok/s 11,522 | data_time_frac 3.4% | peak_vram 2344MiB
iter  36100 | loss 1.3132 | lr 3.66e-05 | grad_norm 0.636 | tok/s 11,526 | data_time_frac 3.4% | peak_vram 2344MiB
iter  36125 | loss 1.3317 | lr 3.65e-05 | grad_norm 0.612 | tok/s 11,529 | data_time_frac 3.4% | peak_vram 2344MiB
iter  36150 | loss 1.2890 | lr 3.64e-05 | grad_norm 0.596 | tok/s 11,533 | data_time_frac 3.4% | peak_vram 2344MiB
iter  36175 | loss 1.2786 | lr 3.64e-05 | grad_norm 0.607 | tok/s 11,536 | data_time_frac 3.4% | peak_vram 2344MiB
iter  36200 | loss 1.3160 | lr 3.63e-05 | grad_norm 0.602 | tok/s 11,540 | data_time_frac 3.4% | peak_vram 2344MiB
iter  36225 | loss 1.3535 | lr 3.62e-05 | grad_norm 0.609 | tok/s 11,543 | data_time_frac 3.4% | peak_vram 2344MiB
iter  36250 | loss 1.3417 | lr 3.61e-05 | grad_norm 0.602 | tok/s 11,547 | data_time_frac 3.4% | peak_vram 2344MiB
iter  36275 | loss 1.2210 | lr 3.60e-05 | grad_norm 0.593 | tok/s 11,550 | data_time_frac 3.4% | peak_vram 2344MiB
iter  36300 | loss 1.3603 | lr 3.60e-05 | grad_norm 0.612 | tok/s 11,553 | data_time_frac 3.4% | peak_vram 2344MiB
iter  36325 | loss 1.3088 | lr 3.59e-05 | grad_norm 0.622 | tok/s 11,557 | data_time_frac 3.4% | peak_vram 2344MiB
iter  36350 | loss 1.2463 | lr 3.58e-05 | grad_norm 0.595 | tok/s 11,560 | data_time_frac 3.4% | peak_vram 2344MiB
iter  36375 | loss 1.3663 | lr 3.57e-05 | grad_norm 0.612 | tok/s 11,564 | data_time_frac 3.4% | peak_vram 2344MiB
iter  36400 | loss 1.2955 | lr 3.56e-05 | grad_norm 0.606 | tok/s 11,567 | data_time_frac 3.4% | peak_vram 2344MiB
iter  36425 | loss 1.2720 | lr 3.56e-05 | grad_norm 0.607 | tok/s 11,571 | data_time_frac 3.4% | peak_vram 2344MiB
iter  36450 | loss 1.2138 | lr 3.55e-05 | grad_norm 0.581 | tok/s 11,574 | data_time_frac 3.4% | peak_vram 2344MiB
iter  36475 | loss 1.3005 | lr 3.54e-05 | grad_norm 0.595 | tok/s 11,578 | data_time_frac 3.4% | peak_vram 2344MiB
iter  36500 | loss 1.2680 | lr 3.53e-05 | grad_norm 0.599 | tok/s 11,581 | data_time_frac 3.4% | peak_vram 2344MiB
  eval @ iter 36500: train 1.3149  val 1.3647
iter  36525 | loss 1.2890 | lr 3.53e-05 | grad_norm 0.609 | tok/s 11,584 | data_time_frac 3.4% | peak_vram 2344MiB
iter  36550 | loss 1.3204 | lr 3.52e-05 | grad_norm 0.617 | tok/s 11,587 | data_time_frac 3.4% | peak_vram 2344MiB
iter  36575 | loss 1.2554 | lr 3.51e-05 | grad_norm 0.609 | tok/s 11,591 | data_time_frac 3.4% | peak_vram 2344MiB
iter  36600 | loss 1.3567 | lr 3.50e-05 | grad_norm 0.631 | tok/s 11,594 | data_time_frac 3.4% | peak_vram 2344MiB
iter  36625 | loss 1.2788 | lr 3.50e-05 | grad_norm 0.650 | tok/s 11,598 | data_time_frac 3.4% | peak_vram 2344MiB
iter  36650 | loss 1.3371 | lr 3.49e-05 | grad_norm 0.620 | tok/s 11,601 | data_time_frac 3.4% | peak_vram 2344MiB
iter  36675 | loss 1.2867 | lr 3.48e-05 | grad_norm 0.607 | tok/s 11,605 | data_time_frac 3.4% | peak_vram 2344MiB
iter  36700 | loss 1.3291 | lr 3.47e-05 | grad_norm 0.599 | tok/s 11,608 | data_time_frac 3.4% | peak_vram 2344MiB
iter  36725 | loss 1.3044 | lr 3.47e-05 | grad_norm 0.612 | tok/s 11,612 | data_time_frac 3.4% | peak_vram 2344MiB
iter  36750 | loss 1.2655 | lr 3.46e-05 | grad_norm 0.596 | tok/s 11,615 | data_time_frac 3.4% | peak_vram 2344MiB
iter  36775 | loss 1.3754 | lr 3.45e-05 | grad_norm 0.619 | tok/s 11,619 | data_time_frac 3.4% | peak_vram 2344MiB
iter  36800 | loss 1.3219 | lr 3.45e-05 | grad_norm 0.622 | tok/s 11,622 | data_time_frac 3.4% | peak_vram 2344MiB
iter  36825 | loss 1.3082 | lr 3.44e-05 | grad_norm 0.593 | tok/s 11,626 | data_time_frac 3.4% | peak_vram 2344MiB
iter  36850 | loss 1.2459 | lr 3.43e-05 | grad_norm 0.625 | tok/s 11,629 | data_time_frac 3.4% | peak_vram 2344MiB
iter  36875 | loss 1.3680 | lr 3.43e-05 | grad_norm 0.625 | tok/s 11,633 | data_time_frac 3.4% | peak_vram 2344MiB
iter  36900 | loss 1.2459 | lr 3.42e-05 | grad_norm 0.624 | tok/s 11,636 | data_time_frac 3.4% | peak_vram 2344MiB
iter  36925 | loss 1.2724 | lr 3.41e-05 | grad_norm 0.586 | tok/s 11,640 | data_time_frac 3.4% | peak_vram 2344MiB
iter  36950 | loss 1.2559 | lr 3.41e-05 | grad_norm 0.613 | tok/s 11,643 | data_time_frac 3.4% | peak_vram 2344MiB
iter  36975 | loss 1.2727 | lr 3.40e-05 | grad_norm 0.603 | tok/s 11,646 | data_time_frac 3.4% | peak_vram 2344MiB
iter  37000 | loss 1.3591 | lr 3.39e-05 | grad_norm 0.622 | tok/s 11,650 | data_time_frac 3.4% | peak_vram 2344MiB
  eval @ iter 37000: train 1.2933  val 1.3848
iter  37025 | loss 1.2573 | lr 3.39e-05 | grad_norm 0.599 | tok/s 11,652 | data_time_frac 3.4% | peak_vram 2344MiB
iter  37050 | loss 1.3139 | lr 3.38e-05 | grad_norm 0.612 | tok/s 11,656 | data_time_frac 3.4% | peak_vram 2344MiB
iter  37075 | loss 1.2432 | lr 3.37e-05 | grad_norm 0.608 | tok/s 11,659 | data_time_frac 3.4% | peak_vram 2344MiB
iter  37100 | loss 1.3113 | lr 3.37e-05 | grad_norm 0.616 | tok/s 11,663 | data_time_frac 3.4% | peak_vram 2344MiB
iter  37125 | loss 1.3179 | lr 3.36e-05 | grad_norm 0.607 | tok/s 11,666 | data_time_frac 3.4% | peak_vram 2344MiB
iter  37150 | loss 1.3669 | lr 3.35e-05 | grad_norm 0.619 | tok/s 11,670 | data_time_frac 3.4% | peak_vram 2344MiB
iter  37175 | loss 1.3225 | lr 3.35e-05 | grad_norm 0.608 | tok/s 11,673 | data_time_frac 3.4% | peak_vram 2344MiB
iter  37200 | loss 1.3696 | lr 3.34e-05 | grad_norm 0.609 | tok/s 11,676 | data_time_frac 3.4% | peak_vram 2344MiB
iter  37225 | loss 1.2972 | lr 3.34e-05 | grad_norm 0.622 | tok/s 11,679 | data_time_frac 3.4% | peak_vram 2344MiB
iter  37250 | loss 1.3247 | lr 3.33e-05 | grad_norm 0.615 | tok/s 11,683 | data_time_frac 3.4% | peak_vram 2344MiB
iter  37275 | loss 1.3111 | lr 3.32e-05 | grad_norm 0.609 | tok/s 11,686 | data_time_frac 3.4% | peak_vram 2344MiB
iter  37300 | loss 1.2932 | lr 3.32e-05 | grad_norm 0.629 | tok/s 11,689 | data_time_frac 3.4% | peak_vram 2344MiB
iter  37325 | loss 1.3551 | lr 3.31e-05 | grad_norm 0.628 | tok/s 11,692 | data_time_frac 3.4% | peak_vram 2344MiB
iter  37350 | loss 1.3168 | lr 3.31e-05 | grad_norm 0.609 | tok/s 11,695 | data_time_frac 3.4% | peak_vram 2344MiB
iter  37375 | loss 1.2898 | lr 3.30e-05 | grad_norm 0.590 | tok/s 11,698 | data_time_frac 3.4% | peak_vram 2344MiB
iter  37400 | loss 1.2075 | lr 3.30e-05 | grad_norm 0.605 | tok/s 11,701 | data_time_frac 3.4% | peak_vram 2344MiB
iter  37425 | loss 1.3665 | lr 3.29e-05 | grad_norm 0.623 | tok/s 11,705 | data_time_frac 3.4% | peak_vram 2344MiB
iter  37450 | loss 1.2639 | lr 3.28e-05 | grad_norm 0.607 | tok/s 11,708 | data_time_frac 3.4% | peak_vram 2344MiB
iter  37475 | loss 1.2930 | lr 3.28e-05 | grad_norm 0.607 | tok/s 11,711 | data_time_frac 3.4% | peak_vram 2344MiB
iter  37500 | loss 1.3263 | lr 3.27e-05 | grad_norm 0.590 | tok/s 11,714 | data_time_frac 3.4% | peak_vram 2344MiB
  eval @ iter 37500: train 1.2763  val 1.3334
iter  37525 | loss 1.3176 | lr 3.27e-05 | grad_norm 0.623 | tok/s 11,717 | data_time_frac 3.4% | peak_vram 2344MiB
iter  37550 | loss 1.3122 | lr 3.26e-05 | grad_norm 0.620 | tok/s 11,720 | data_time_frac 3.4% | peak_vram 2344MiB
iter  37575 | loss 1.2617 | lr 3.26e-05 | grad_norm 0.599 | tok/s 11,723 | data_time_frac 3.4% | peak_vram 2344MiB
iter  37600 | loss 1.3336 | lr 3.25e-05 | grad_norm 0.625 | tok/s 11,726 | data_time_frac 3.4% | peak_vram 2344MiB
iter  37625 | loss 1.2396 | lr 3.25e-05 | grad_norm 0.608 | tok/s 11,729 | data_time_frac 3.4% | peak_vram 2344MiB
iter  37650 | loss 1.2816 | lr 3.24e-05 | grad_norm 0.635 | tok/s 11,732 | data_time_frac 3.4% | peak_vram 2344MiB
iter  37675 | loss 1.2721 | lr 3.24e-05 | grad_norm 0.640 | tok/s 11,734 | data_time_frac 3.4% | peak_vram 2344MiB
iter  37700 | loss 1.2680 | lr 3.23e-05 | grad_norm 0.630 | tok/s 11,737 | data_time_frac 3.4% | peak_vram 2344MiB
iter  37725 | loss 1.2299 | lr 3.23e-05 | grad_norm 0.602 | tok/s 11,739 | data_time_frac 3.4% | peak_vram 2344MiB
iter  37750 | loss 1.3115 | lr 3.22e-05 | grad_norm 0.601 | tok/s 11,742 | data_time_frac 3.4% | peak_vram 2344MiB
iter  37775 | loss 1.2958 | lr 3.22e-05 | grad_norm 0.607 | tok/s 11,744 | data_time_frac 3.4% | peak_vram 2344MiB
iter  37800 | loss 1.3431 | lr 3.21e-05 | grad_norm 0.624 | tok/s 11,746 | data_time_frac 3.4% | peak_vram 2344MiB
iter  37825 | loss 1.1925 | lr 3.21e-05 | grad_norm 0.596 | tok/s 11,749 | data_time_frac 3.4% | peak_vram 2344MiB
iter  37850 | loss 1.3247 | lr 3.20e-05 | grad_norm 0.610 | tok/s 11,751 | data_time_frac 3.4% | peak_vram 2344MiB
iter  37875 | loss 1.3347 | lr 3.20e-05 | grad_norm 0.610 | tok/s 11,753 | data_time_frac 3.4% | peak_vram 2344MiB
iter  37900 | loss 1.3027 | lr 3.19e-05 | grad_norm 0.607 | tok/s 11,756 | data_time_frac 3.4% | peak_vram 2344MiB
iter  37925 | loss 1.2297 | lr 3.19e-05 | grad_norm 0.599 | tok/s 11,758 | data_time_frac 3.5% | peak_vram 2344MiB
iter  37950 | loss 1.3287 | lr 3.18e-05 | grad_norm 0.618 | tok/s 11,761 | data_time_frac 3.5% | peak_vram 2344MiB
iter  37975 | loss 1.2709 | lr 3.18e-05 | grad_norm 0.609 | tok/s 11,764 | data_time_frac 3.5% | peak_vram 2344MiB
iter  38000 | loss 1.2589 | lr 3.17e-05 | grad_norm 0.602 | tok/s 11,768 | data_time_frac 3.5% | peak_vram 2344MiB
  eval @ iter 38000: train 1.2797  val 1.3837
iter  38025 | loss 1.3534 | lr 3.17e-05 | grad_norm 0.631 | tok/s 11,770 | data_time_frac 3.5% | peak_vram 2344MiB
iter  38050 | loss 1.2777 | lr 3.17e-05 | grad_norm 0.621 | tok/s 11,773 | data_time_frac 3.5% | peak_vram 2344MiB
iter  38075 | loss 1.3165 | lr 3.16e-05 | grad_norm 0.607 | tok/s 11,776 | data_time_frac 3.5% | peak_vram 2344MiB
iter  38100 | loss 1.2552 | lr 3.16e-05 | grad_norm 0.614 | tok/s 11,779 | data_time_frac 3.5% | peak_vram 2344MiB
iter  38125 | loss 1.3247 | lr 3.15e-05 | grad_norm 0.612 | tok/s 11,782 | data_time_frac 3.5% | peak_vram 2344MiB
iter  38150 | loss 1.3130 | lr 3.15e-05 | grad_norm 0.628 | tok/s 11,785 | data_time_frac 3.5% | peak_vram 2344MiB
iter  38175 | loss 1.3648 | lr 3.15e-05 | grad_norm 0.625 | tok/s 11,788 | data_time_frac 3.5% | peak_vram 2344MiB
iter  38200 | loss 1.2400 | lr 3.14e-05 | grad_norm 0.610 | tok/s 11,792 | data_time_frac 3.5% | peak_vram 2344MiB
iter  38225 | loss 1.3072 | lr 3.14e-05 | grad_norm 0.632 | tok/s 11,795 | data_time_frac 3.5% | peak_vram 2344MiB
iter  38250 | loss 1.2479 | lr 3.13e-05 | grad_norm 0.595 | tok/s 11,798 | data_time_frac 3.5% | peak_vram 2344MiB
iter  38275 | loss 1.2192 | lr 3.13e-05 | grad_norm 0.596 | tok/s 11,801 | data_time_frac 3.5% | peak_vram 2344MiB
iter  38300 | loss 1.3292 | lr 3.13e-05 | grad_norm 0.632 | tok/s 11,804 | data_time_frac 3.5% | peak_vram 2344MiB
iter  38325 | loss 1.2650 | lr 3.12e-05 | grad_norm 0.626 | tok/s 11,807 | data_time_frac 3.5% | peak_vram 2344MiB
iter  38350 | loss 1.3026 | lr 3.12e-05 | grad_norm 0.625 | tok/s 11,810 | data_time_frac 3.5% | peak_vram 2344MiB
iter  38375 | loss 1.2898 | lr 3.12e-05 | grad_norm 0.612 | tok/s 11,812 | data_time_frac 3.5% | peak_vram 2344MiB
iter  38400 | loss 1.3106 | lr 3.11e-05 | grad_norm 0.623 | tok/s 11,815 | data_time_frac 3.5% | peak_vram 2344MiB
iter  38425 | loss 1.3088 | lr 3.11e-05 | grad_norm 0.631 | tok/s 11,817 | data_time_frac 3.5% | peak_vram 2344MiB
iter  38450 | loss 1.3782 | lr 3.11e-05 | grad_norm 0.633 | tok/s 11,820 | data_time_frac 3.5% | peak_vram 2344MiB
iter  38475 | loss 1.3442 | lr 3.10e-05 | grad_norm 0.622 | tok/s 11,822 | data_time_frac 3.5% | peak_vram 2344MiB
iter  38500 | loss 1.3680 | lr 3.10e-05 | grad_norm 0.637 | tok/s 11,825 | data_time_frac 3.5% | peak_vram 2344MiB
  eval @ iter 38500: train 1.2739  val 1.3569
iter  38525 | loss 1.2836 | lr 3.10e-05 | grad_norm 0.608 | tok/s 11,827 | data_time_frac 3.5% | peak_vram 2344MiB
iter  38550 | loss 1.2747 | lr 3.09e-05 | grad_norm 0.642 | tok/s 11,829 | data_time_frac 3.5% | peak_vram 2344MiB
iter  38575 | loss 1.2628 | lr 3.09e-05 | grad_norm 0.607 | tok/s 11,832 | data_time_frac 3.5% | peak_vram 2344MiB
iter  38600 | loss 1.2909 | lr 3.09e-05 | grad_norm 0.603 | tok/s 11,836 | data_time_frac 3.5% | peak_vram 2344MiB
iter  38625 | loss 1.2412 | lr 3.08e-05 | grad_norm 0.612 | tok/s 11,839 | data_time_frac 3.5% | peak_vram 2344MiB
iter  38650 | loss 1.2424 | lr 3.08e-05 | grad_norm 0.621 | tok/s 11,842 | data_time_frac 3.5% | peak_vram 2344MiB
iter  38675 | loss 1.2141 | lr 3.08e-05 | grad_norm 0.650 | tok/s 11,846 | data_time_frac 3.5% | peak_vram 2344MiB
iter  38700 | loss 1.2783 | lr 3.07e-05 | grad_norm 0.607 | tok/s 11,849 | data_time_frac 3.5% | peak_vram 2344MiB
iter  38725 | loss 1.2340 | lr 3.07e-05 | grad_norm 0.597 | tok/s 11,853 | data_time_frac 3.5% | peak_vram 2344MiB
iter  38750 | loss 1.3266 | lr 3.07e-05 | grad_norm 0.617 | tok/s 11,856 | data_time_frac 3.5% | peak_vram 2344MiB
iter  38775 | loss 1.1901 | lr 3.07e-05 | grad_norm 0.625 | tok/s 11,860 | data_time_frac 3.5% | peak_vram 2344MiB
iter  38800 | loss 1.2499 | lr 3.06e-05 | grad_norm 0.602 | tok/s 11,863 | data_time_frac 3.5% | peak_vram 2344MiB
iter  38825 | loss 1.2475 | lr 3.06e-05 | grad_norm 0.618 | tok/s 11,867 | data_time_frac 3.5% | peak_vram 2344MiB
iter  38850 | loss 1.2714 | lr 3.06e-05 | grad_norm 0.625 | tok/s 11,870 | data_time_frac 3.5% | peak_vram 2344MiB
iter  38875 | loss 1.2901 | lr 3.06e-05 | grad_norm 0.599 | tok/s 11,874 | data_time_frac 3.5% | peak_vram 2344MiB
iter  38900 | loss 1.3251 | lr 3.05e-05 | grad_norm 0.617 | tok/s 11,877 | data_time_frac 3.5% | peak_vram 2344MiB
iter  38925 | loss 1.2887 | lr 3.05e-05 | grad_norm 0.627 | tok/s 11,881 | data_time_frac 3.5% | peak_vram 2344MiB
iter  38950 | loss 1.3532 | lr 3.05e-05 | grad_norm 0.623 | tok/s 11,884 | data_time_frac 3.5% | peak_vram 2344MiB
iter  38975 | loss 1.2493 | lr 3.05e-05 | grad_norm 0.602 | tok/s 11,887 | data_time_frac 3.5% | peak_vram 2344MiB
iter  39000 | loss 1.2622 | lr 3.04e-05 | grad_norm 0.604 | tok/s 11,891 | data_time_frac 3.5% | peak_vram 2344MiB
  eval @ iter 39000: train 1.2521  val 1.3774
iter  39025 | loss 1.3550 | lr 3.04e-05 | grad_norm 0.626 | tok/s 11,894 | data_time_frac 3.5% | peak_vram 2344MiB
iter  39050 | loss 1.2431 | lr 3.04e-05 | grad_norm 0.611 | tok/s 11,897 | data_time_frac 3.5% | peak_vram 2344MiB
iter  39075 | loss 1.2960 | lr 3.04e-05 | grad_norm 0.623 | tok/s 11,901 | data_time_frac 3.5% | peak_vram 2344MiB
iter  39100 | loss 1.3055 | lr 3.04e-05 | grad_norm 0.618 | tok/s 11,904 | data_time_frac 3.5% | peak_vram 2344MiB
iter  39125 | loss 1.2605 | lr 3.03e-05 | grad_norm 0.603 | tok/s 11,908 | data_time_frac 3.5% | peak_vram 2344MiB
iter  39150 | loss 1.3161 | lr 3.03e-05 | grad_norm 0.625 | tok/s 11,911 | data_time_frac 3.5% | peak_vram 2344MiB
iter  39175 | loss 1.2397 | lr 3.03e-05 | grad_norm 0.608 | tok/s 11,915 | data_time_frac 3.5% | peak_vram 2344MiB
iter  39200 | loss 1.3017 | lr 3.03e-05 | grad_norm 0.622 | tok/s 11,918 | data_time_frac 3.5% | peak_vram 2344MiB
iter  39225 | loss 1.2953 | lr 3.03e-05 | grad_norm 0.646 | tok/s 11,922 | data_time_frac 3.5% | peak_vram 2344MiB
iter  39250 | loss 1.3581 | lr 3.02e-05 | grad_norm 0.652 | tok/s 11,925 | data_time_frac 3.5% | peak_vram 2344MiB
iter  39275 | loss 1.3068 | lr 3.02e-05 | grad_norm 0.625 | tok/s 11,928 | data_time_frac 3.5% | peak_vram 2344MiB
iter  39300 | loss 1.2654 | lr 3.02e-05 | grad_norm 0.605 | tok/s 11,932 | data_time_frac 3.5% | peak_vram 2344MiB
iter  39325 | loss 1.2266 | lr 3.02e-05 | grad_norm 0.620 | tok/s 11,935 | data_time_frac 3.5% | peak_vram 2344MiB
iter  39350 | loss 1.2803 | lr 3.02e-05 | grad_norm 0.628 | tok/s 11,939 | data_time_frac 3.5% | peak_vram 2344MiB
iter  39375 | loss 1.3378 | lr 3.02e-05 | grad_norm 0.624 | tok/s 11,942 | data_time_frac 3.5% | peak_vram 2344MiB
iter  39400 | loss 1.1985 | lr 3.02e-05 | grad_norm 0.609 | tok/s 11,946 | data_time_frac 3.5% | peak_vram 2344MiB
iter  39425 | loss 1.2422 | lr 3.01e-05 | grad_norm 0.613 | tok/s 11,949 | data_time_frac 3.5% | peak_vram 2344MiB
iter  39450 | loss 1.3352 | lr 3.01e-05 | grad_norm 0.629 | tok/s 11,953 | data_time_frac 3.5% | peak_vram 2344MiB
iter  39475 | loss 1.2378 | lr 3.01e-05 | grad_norm 0.610 | tok/s 11,956 | data_time_frac 3.5% | peak_vram 2344MiB
iter  39500 | loss 1.2506 | lr 3.01e-05 | grad_norm 0.610 | tok/s 11,958 | data_time_frac 3.5% | peak_vram 2344MiB
  eval @ iter 39500: train 1.3026  val 1.3488
iter  39525 | loss 1.3021 | lr 3.01e-05 | grad_norm 0.627 | tok/s 11,961 | data_time_frac 3.5% | peak_vram 2344MiB
iter  39550 | loss 1.2816 | lr 3.01e-05 | grad_norm 0.611 | tok/s 11,964 | data_time_frac 3.5% | peak_vram 2344MiB
iter  39575 | loss 1.2998 | lr 3.01e-05 | grad_norm 0.617 | tok/s 11,967 | data_time_frac 3.5% | peak_vram 2344MiB
iter  39600 | loss 1.2843 | lr 3.01e-05 | grad_norm 0.631 | tok/s 11,971 | data_time_frac 3.5% | peak_vram 2344MiB
iter  39625 | loss 1.2524 | lr 3.01e-05 | grad_norm 0.622 | tok/s 11,974 | data_time_frac 3.5% | peak_vram 2344MiB
iter  39650 | loss 1.3069 | lr 3.01e-05 | grad_norm 0.632 | tok/s 11,977 | data_time_frac 3.5% | peak_vram 2344MiB
iter  39675 | loss 1.4030 | lr 3.00e-05 | grad_norm 0.623 | tok/s 11,980 | data_time_frac 3.5% | peak_vram 2344MiB
iter  39700 | loss 1.3230 | lr 3.00e-05 | grad_norm 0.630 | tok/s 11,984 | data_time_frac 3.5% | peak_vram 2344MiB
iter  39725 | loss 1.2794 | lr 3.00e-05 | grad_norm 0.610 | tok/s 11,987 | data_time_frac 3.5% | peak_vram 2344MiB
iter  39750 | loss 1.3222 | lr 3.00e-05 | grad_norm 0.609 | tok/s 11,988 | data_time_frac 3.5% | peak_vram 2344MiB
iter  39775 | loss 1.3751 | lr 3.00e-05 | grad_norm 0.624 | tok/s 11,990 | data_time_frac 3.5% | peak_vram 2344MiB
iter  39800 | loss 1.3021 | lr 3.00e-05 | grad_norm 0.624 | tok/s 11,992 | data_time_frac 3.5% | peak_vram 2344MiB
iter  39825 | loss 1.2913 | lr 3.00e-05 | grad_norm 0.627 | tok/s 11,995 | data_time_frac 3.6% | peak_vram 2344MiB
iter  39850 | loss 1.2738 | lr 3.00e-05 | grad_norm 0.624 | tok/s 11,998 | data_time_frac 3.6% | peak_vram 2344MiB
iter  39875 | loss 1.2365 | lr 3.00e-05 | grad_norm 0.617 | tok/s 12,000 | data_time_frac 3.6% | peak_vram 2344MiB
iter  39900 | loss 1.2576 | lr 3.00e-05 | grad_norm 0.622 | tok/s 12,003 | data_time_frac 3.6% | peak_vram 2344MiB
iter  39925 | loss 1.2895 | lr 3.00e-05 | grad_norm 0.611 | tok/s 12,006 | data_time_frac 3.6% | peak_vram 2344MiB
iter  39950 | loss 1.2638 | lr 3.00e-05 | grad_norm 0.614 | tok/s 12,009 | data_time_frac 3.6% | peak_vram 2344MiB
iter  39975 | loss 1.3212 | lr 3.00e-05 | grad_norm 0.622 | tok/s 12,011 | data_time_frac 3.6% | peak_vram 2344MiB
done. final checkpoint: checkpoints\001_baseline\latest.pt
